{
  "item_id": "simulator_item_ds1",
  "before_total": 45.286631480639706,
  "after_total": 61.343224515800266,
  "delta": 16.05659303516056,
  "objective_delta": 21.684614641749697,
  "ai_delta": 10.42857142857143,
  "before_objective": {
    "weighted_visibility": 7.573262961279409,
    "coverage_ratio": 8.242829295460874,
    "position_prominence": 6.177310639503615,
    "target_chars": 98.66666666666666,
    "total_chars": 1197.0,
    "target_weighted_chars": 56.19433212326373,
    "total_weighted_chars": 742.0095196822584,
    "target_position_weight": 0.7225601903707793,
    "total_position_weight": 11.697002668929104,
    "target_sentence_hits": 3,
    "total_sentences": 19
  },
  "after_objective": {
    "weighted_visibility": 29.257877603029105,
    "coverage_ratio": 31.010715320011585,
    "position_prominence": 23.899519231045133,
    "target_chars": 356.93333333333334,
    "total_chars": 1151.0,
    "target_weighted_chars": 208.6239248619084,
    "total_weighted_chars": 713.0521485273741,
    "target_position_weight": 2.6833633314112046,
    "total_position_weight": 11.227687492246933,
    "target_sentence_hits": 9,
    "total_sentences": 24
  },
  "before_judge": {
    "relevance": 92.0,
    "fluency": 88.0,
    "diversity": 84.0,
    "uniqueness": 86.0,
    "click_follow": 83.0,
    "prominence": 76.0,
    "content_volume": 72.0,
    "rationale": "目标文本1的核心观点，即严格控制混杂变量后“双语认知优势”趋于消失，以及双语群体内部异质性会削弱简单对比的解释力，在答案中被多次准确吸收，并出现在论证主干中。答案对文档1的表述较流畅，也保留了其相对独特的两点：ABCD/直布罗陀研究的重要性，以及对“适应性控制假说”和群体粗分类问题的质疑。另一方面，答案的主要结论和大量证据也明显综合了文档2至5，因此文档1虽有较强存在感，但并非最显著或篇幅最大的单一来源。"
  },
  "after_judge": {
    "relevance": 96.0,
    "fluency": 94.0,
    "diversity": 93.0,
    "uniqueness": 92.0,
    "click_follow": 90.0,
    "prominence": 95.0,
    "content_volume": 94.0,
    "rationale": "目标文本与用户问题高度一致，系统讨论了“双语认知优势”是否成立、混杂变量、元分析和条件化效应，答案中的核心结论与展开框架都明显吸收了这些内容。答案多段反复引用[1]，并使用了文档1中特有的概念区分，如“优势”与“效应”、“双模态双语者”以及不同双语类型和社会语言学条件的细分，说明其可见性很强。虽然答案也综合了其余文档关于ABCD研究、系统综述和教育意义的表述，但文档1仍是最主要的结构性来源之一。"
  },
  "provided_before_visibility": {
    "word_volu": 8.242829295460874,
    "posi_prom": 6.177310639503615,
    "word_posi": 7.573262961279409,
    "rele": 92.0,
    "infl": 88.0,
    "div": 84.0,
    "uniq": 86.0,
    "clic": 78.0,
    "subj_posi": 72.0,
    "subj_volu": 80.0,
    "aver_subj": 82.85714285714286,
    "final_score": 45.215202909211136
  },
  "before_smoke_check": {
    "official_word_volu": 8.242829295460874,
    "simulator_word_volu": 8.242829295460874,
    "word_volu_gap": 0.0,
    "official_posi_prom": 6.177310639503615,
    "simulator_posi_prom": 6.177310639503615,
    "posi_prom_gap": 0.0,
    "official_word_posi": 7.573262961279409,
    "simulator_word_posi": 7.573262961279409,
    "word_posi_gap": 0.0,
    "official_ai": 82.85714285714286,
    "simulator_ai": 83.0,
    "ai_gap": 0.1428571428571388,
    "official_total": 45.215202909211136,
    "simulator_total": 45.286631480639706,
    "total_gap": 0.0714285714285694
  }
}
