{
  "datasets": [
    3,
    9,
    10,
    12
  ],
  "variants": [
    {
      "variant": "after_rebuttal",
      "file": "after_rebuttal.md",
      "count": 4,
      "avg_before_total": 42.442666141955264,
      "avg_after_total": 69.92026238548877,
      "avg_delta": 27.47759624353351,
      "avg_objective_delta": 33.7409067727813,
      "avg_ai_delta": 21.214285714285715,
      "win_rate": 100.0,
      "item_results": [
        {
          "item_id": "simulator_item_ds3",
          "before_total": 48.56118451932258,
          "after_total": 52.85370654695954,
          "delta": 4.292522027636963,
          "objective_delta": -1.9863845161546436,
          "ai_delta": 10.57142857142857,
          "provided_before_visibility": {
            "word_volu": 12.675854148722365,
            "posi_prom": 13.135797844565522,
            "word_posi": 12.979511895788026,
            "rele": 95.0,
            "infl": 93.0,
            "div": 85.0,
            "uniq": 82.0,
            "clic": 88.0,
            "subj_posi": 84.0,
            "subj_volu": 86.0,
            "aver_subj": 87.57142857142857,
            "final_score": 50.275470233608296
          },
          "before_smoke_check": {
            "official_word_volu": 12.675854148722365,
            "simulator_word_volu": 12.675854148722365,
            "word_volu_gap": 0.0,
            "official_posi_prom": 13.135797844565522,
            "simulator_posi_prom": 13.135797844565522,
            "posi_prom_gap": 0.0,
            "official_word_posi": 12.979511895788026,
            "simulator_word_posi": 12.979511895788026,
            "word_posi_gap": 0.0,
            "official_ai": 87.57142857142857,
            "simulator_ai": 84.14285714285714,
            "ai_gap": -3.4285714285714306,
            "official_total": 50.275470233608296,
            "simulator_total": 48.56118451932258,
            "total_gap": -1.7142857142857153
          }
        },
        {
          "item_id": "simulator_item_ds9",
          "before_total": 38.04059977957678,
          "after_total": 74.78657643790203,
          "delta": 36.74597665832525,
          "objective_delta": 50.49195331665048,
          "ai_delta": 23.0,
          "provided_before_visibility": {
            "word_volu": 4.184100418410042,
            "posi_prom": 4.36054011208754,
            "word_posi": 4.081199559153558,
            "rele": 88.0,
            "infl": 93.0,
            "div": 62.0,
            "uniq": 86.0,
            "clic": 78.0,
            "subj_posi": 64.0,
            "subj_volu": 58.0,
            "aver_subj": 75.57142857142857,
            "final_score": 39.826314065291065
          },
          "before_smoke_check": {
            "official_word_volu": 4.184100418410042,
            "simulator_word_volu": 4.184100418410042,
            "word_volu_gap": 0.0,
            "official_posi_prom": 4.36054011208754,
            "simulator_posi_prom": 4.36054011208754,
            "posi_prom_gap": 0.0,
            "official_word_posi": 4.081199559153558,
            "simulator_word_posi": 4.081199559153558,
            "word_posi_gap": 0.0,
            "official_ai": 75.57142857142857,
            "simulator_ai": 72.0,
            "ai_gap": -3.5714285714285694,
            "official_total": 39.826314065291065,
            "simulator_total": 38.04059977957678,
            "total_gap": -1.7857142857142847
          }
        },
        {
          "item_id": "simulator_item_ds10",
          "before_total": 34.525253272629826,
          "after_total": 61.26850191301095,
          "delta": 26.743248640381125,
          "objective_delta": 20.20078299504797,
          "ai_delta": 33.285714285714285,
          "provided_before_visibility": {
            "word_volu": 6.584821428571429,
            "posi_prom": 6.697547539411702,
            "word_posi": 6.336220830973935,
            "rele": 92.0,
            "infl": 88.0,
            "div": 74.0,
            "uniq": 90.0,
            "clic": 83.0,
            "subj_posi": 72.0,
            "subj_volu": 58.0,
            "aver_subj": 79.57142857142857,
            "final_score": 42.95382470120125
          },
          "before_smoke_check": {
            "official_word_volu": 6.584821428571429,
            "simulator_word_volu": 6.584821428571429,
            "word_volu_gap": 0.0,
            "official_posi_prom": 6.697547539411702,
            "simulator_posi_prom": 6.697547539411702,
            "posi_prom_gap": 0.0,
            "official_word_posi": 6.336220830973935,
            "simulator_word_posi": 6.336220830973935,
            "word_posi_gap": 0.0,
            "official_ai": 79.57142857142857,
            "simulator_ai": 62.714285714285715,
            "ai_gap": -16.857142857142854,
            "official_total": 42.95382470120125,
            "simulator_total": 34.525253272629826,
            "total_gap": -8.428571428571423
          }
        },
        {
          "item_id": "simulator_item_ds12",
          "before_total": 48.643626996291864,
          "after_total": 90.77226464408257,
          "delta": 42.128637647790704,
          "objective_delta": 66.25727529558141,
          "ai_delta": 18.0,
          "provided_before_visibility": {
            "word_volu": 17.852522639068564,
            "posi_prom": 17.019304384150384,
            "word_posi": 19.001539706869437,
            "rele": 95.0,
            "infl": 88.0,
            "div": 62.0,
            "uniq": 76.0,
            "clic": 82.0,
            "subj_posi": 90.0,
            "subj_volu": 78.0,
            "aver_subj": 81.57142857142857,
            "final_score": 50.286484139149
          },
          "before_smoke_check": {
            "official_word_volu": 17.852522639068564,
            "simulator_word_volu": 17.852522639068564,
            "word_volu_gap": 0.0,
            "official_posi_prom": 17.019304384150384,
            "simulator_posi_prom": 17.019304384150384,
            "posi_prom_gap": 0.0,
            "official_word_posi": 19.001539706869437,
            "simulator_word_posi": 19.001539706869437,
            "word_posi_gap": 0.0,
            "official_ai": 81.57142857142857,
            "simulator_ai": 78.28571428571429,
            "ai_gap": -3.2857142857142776,
            "official_total": 50.286484139149,
            "simulator_total": 48.643626996291864,
            "total_gap": -1.6428571428571388
          }
        }
      ]
    },
    {
      "variant": "after_dimensions_rebuttal",
      "file": "after_dimensions_rebuttal.md",
      "count": 4,
      "avg_before_total": 42.442666141955264,
      "avg_after_total": 65.20121175022524,
      "avg_delta": 22.758545608269984,
      "avg_objective_delta": 24.83851978796854,
      "avg_ai_delta": 20.67857142857143,
      "win_rate": 100.0,
      "item_results": [
        {
          "item_id": "simulator_item_ds3",
          "before_total": 48.56118451932258,
          "after_total": 60.252440827537356,
          "delta": 11.691256308214776,
          "objective_delta": 13.668226902143832,
          "ai_delta": 9.714285714285722,
          "provided_before_visibility": {
            "word_volu": 12.675854148722365,
            "posi_prom": 13.135797844565522,
            "word_posi": 12.979511895788026,
            "rele": 95.0,
            "infl": 93.0,
            "div": 85.0,
            "uniq": 82.0,
            "clic": 88.0,
            "subj_posi": 84.0,
            "subj_volu": 86.0,
            "aver_subj": 87.57142857142857,
            "final_score": 50.275470233608296
          },
          "before_smoke_check": {
            "official_word_volu": 12.675854148722365,
            "simulator_word_volu": 12.675854148722365,
            "word_volu_gap": 0.0,
            "official_posi_prom": 13.135797844565522,
            "simulator_posi_prom": 13.135797844565522,
            "posi_prom_gap": 0.0,
            "official_word_posi": 12.979511895788026,
            "simulator_word_posi": 12.979511895788026,