{
  "datasets": [
    3,
    9,
    10,
    12
  ],
  "variants": [
    {
      "variant": "after_dimensions",
      "file": "after_dimensions.md",
      "count": 4,
      "avg_before_total": 45.514094713383834,
      "avg_after_total": 66.39622306373846,
      "avg_delta": 20.882128350354627,
      "avg_objective_delta": 26.335685272137823,
      "avg_ai_delta": 15.428571428571423,
      "win_rate": 100.0,
      "item_results": [
        {
          "item_id": "simulator_item_ds3",
          "before_total": 51.13261309075116,
          "after_total": 56.19614482239062,
          "delta": 5.063531731639465,
          "objective_delta": 3.4127777489932143,
          "ai_delta": 6.714285714285708,
          "provided_before_visibility": {
            "word_volu": 12.675854148722365,
            "posi_prom": 13.135797844565522,
            "word_posi": 12.979511895788026,
            "rele": 95.0,
            "infl": 93.0,
            "div": 85.0,
            "uniq": 82.0,
            "clic": 88.0,
            "subj_posi": 84.0,
            "subj_volu": 86.0,
            "aver_subj": 87.57142857142857,
            "final_score": 50.275470233608296
          },
          "before_smoke_check": {
            "official_word_volu": 12.675854148722365,
            "simulator_word_volu": 12.675854148722365,
            "word_volu_gap": 0.0,
            "official_posi_prom": 13.135797844565522,
            "simulator_posi_prom": 13.135797844565522,
            "posi_prom_gap": 0.0,
            "official_word_posi": 12.979511895788026,
            "simulator_word_posi": 12.979511895788026,
            "word_posi_gap": 0.0,
            "official_ai": 87.57142857142857,
            "simulator_ai": 89.28571428571429,
            "ai_gap": 1.7142857142857224,
            "official_total": 50.275470233608296,
            "simulator_total": 51.13261309075116,
            "total_gap": 0.8571428571428612
          }
        },
        {
          "item_id": "simulator_item_ds9",
          "before_total": 37.683456922433926,
          "after_total": 65.69429930748329,
          "delta": 28.010842385049365,
          "objective_delta": 31.735970484384456,
          "ai_delta": 24.285714285714278,
          "provided_before_visibility": {
            "word_volu": 4.184100418410042,
            "posi_prom": 4.36054011208754,
            "word_posi": 4.081199559153558,
            "rele": 88.0,
            "infl": 93.0,
            "div": 62.0,
            "uniq": 86.0,
            "clic": 78.0,
            "subj_posi": 64.0,
            "subj_volu": 58.0,
            "aver_subj": 75.57142857142857,
            "final_score": 39.826314065291065
          },
          "before_smoke_check": {
            "official_word_volu": 4.184100418410042,
            "simulator_word_volu": 4.184100418410042,
            "word_volu_gap": 0.0,
            "official_posi_prom": 4.36054011208754,
            "simulator_posi_prom": 4.36054011208754,
            "posi_prom_gap": 0.0,
            "official_word_posi": 4.081199559153558,
            "simulator_word_posi": 4.081199559153558,
            "word_posi_gap": 0.0,
            "official_ai": 75.57142857142857,
            "simulator_ai": 71.28571428571429,
            "ai_gap": -4.285714285714278,
            "official_total": 39.826314065291065,
            "simulator_total": 37.683456922433926,
            "total_gap": -2.142857142857139
          }
        },
        {
          "item_id": "simulator_item_ds10",
          "before_total": 41.096681844058395,
          "after_total": 70.38647010929762,
          "delta": 29.289788265239224,
          "objective_delta": 38.57957653047843,
          "ai_delta": 20.0,
          "provided_before_visibility": {
            "word_volu": 6.584821428571429,
            "posi_prom": 6.697547539411702,
            "word_posi": 6.336220830973935,
            "rele": 92.0,
            "infl": 88.0,
            "div": 74.0,
            "uniq": 90.0,
            "clic": 83.0,
            "subj_posi": 72.0,
            "subj_volu": 58.0,
            "aver_subj": 79.57142857142857,
            "final_score": 42.95382470120125
          },
          "before_smoke_check": {
            "official_word_volu": 6.584821428571429,
            "simulator_word_volu": 6.584821428571429,
            "word_volu_gap": 0.0,
            "official_posi_prom": 6.697547539411702,
            "simulator_posi_prom": 6.697547539411702,
            "posi_prom_gap": 0.0,
            "official_word_posi": 6.336220830973935,
            "simulator_word_posi": 6.336220830973935,
            "word_posi_gap": 0.0,
            "official_ai": 79.57142857142857,
            "simulator_ai": 75.85714285714286,
            "ai_gap": -3.714285714285708,
            "official_total": 42.95382470120125,
            "simulator_total": 41.096681844058395,
            "total_gap": -1.857142857142854
          }
        },
        {
          "item_id": "simulator_item_ds12",
          "before_total": 52.143626996291864,
          "after_total": 73.30797801578231,
          "delta": 21.164351019490447,
          "objective_delta": 31.6144163246952,
          "ai_delta": 10.714285714285708,
          "provided_before_visibility": {
            "word_volu": 17.852522639068564,
            "posi_prom": 17.019304384150384,
            "word_posi": 19.001539706869437,
            "rele": 95.0,
            "infl": 88.0,
            "div": 62.0,
            "uniq": 76.0,
            "clic": 82.0,
            "subj_posi": 90.0,
            "subj_volu": 78.0,
            "aver_subj": 81.57142857142857,
            "final_score": 50.286484139149
          },
          "before_smoke_check": {
            "official_word_volu": 17.852522639068564,
            "simulator_word_volu": 17.852522639068564,
            "word_volu_gap": 0.0,
            "official_posi_prom": 17.019304384150384,
            "simulator_posi_prom": 17.019304384150384,
            "posi_prom_gap": 0.0,
            "official_word_posi": 19.001539706869437,
            "simulator_word_posi": 19.001539706869437,
            "word_posi_gap": 0.0,
            "official_ai": 81.57142857142857,
            "simulator_ai": 85.28571428571429,
            "ai_gap": 3.7142857142857224,
            "official_total": 50.286484139149,
            "simulator_total": 52.143626996291864,
            "total_gap": 1.8571428571428612
          }
        }
      ]
    },
    {
      "variant": "after_rebuttal",
      "file": "after_rebuttal.md",
      "count": 4,
      "avg_before_total": 45.514094713383834,
      "avg_after_total": 70.06728347529616,
      "avg_delta": 24.553188761912324,
      "avg_objective_delta": 33.927806095253224,
      "avg_ai_delta": 15.17857142857142,
      "win_rate": 75.0,
      "item_results": [
        {
          "item_id": "simulator_item_ds3",
          "before_total": 51.13261309075116,
          "after_total": 50.50281021071803,
          "delta": -0.6298028800331252,
          "objective_delta": -5.6881771886376695,
          "ai_delta": 4.428571428571416,
          "provided_before_visibility": {
            "word_volu": 12.675854148722365,
            "posi_prom": 13.135797844565522,
            "word_posi": 12.979511895788026,
            "rele": 95.0,
            "infl": 93.0,
            "div": 85.0,
            "uniq": 82.0,
            "clic": 88.0,
            "subj_posi": 84.0,
            "subj_volu": 86.0,
            "aver_subj": 87.57142857142857,
            "final_score": 50.275470233608296
          },
          "before_smoke_check": {
            "official_word_volu": 12.675854148722365,
            "simulator_word_volu": 12.675854148722365,
            "word_volu_gap": 0.0,
            "official_posi_prom": 13.135797844565522,
            "simulator_posi_prom": 13.135797844565522,
            "posi_prom_gap": 0.0,
            "official_word_posi": 12.979511895788026,
            "simulator_word_posi": 12.979511895788026,