{
  "datasets": [
    9
  ],
  "variants": [
    {
      "variant": "after_frontload_rebuttal",
      "file": "after_frontload_rebuttal.md",
      "count": 1,
      "avg_before_total": 42.70699612054132,
      "avg_after_total": 76.5457956759091,
      "avg_delta": 33.838799555367785,
      "avg_objective_delta": 47.82045625359272,
      "avg_ai_delta": 19.857142857142847,
      "win_rate": 100.0,
      "item_results": [
        {
          "item_id": "simulator_item_ds9",
          "before_total": 42.70699612054132,
          "after_total": 76.5457956759091,
          "delta": 33.838799555367785,
          "objective_delta": 47.82045625359272,
          "ai_delta": 19.857142857142847,
          "before_objective": {
            "weighted_visibility": 8.556849383939777,
            "coverage_ratio": 8.130081300813007,
            "position_prominence": 8.91302953117419,
            "target_chars": 60.0,
            "total_chars": 1434.0,
            "total_cited_chars": 738.0,
            "target_weighted_chars": 36.391839582758,
            "total_weighted_chars": 891.694685723863,
            "total_cited_weighted_chars": 425.29484802036245,
            "target_position_weight": 0.6065306597126334,
            "total_position_weight": 13.909530565521306,
            "total_cited_position_weight": 6.804988781774291,
            "target_sentence_hits": 1,
            "total_sentences": 28,
            "word_volu": 8.130081300813007,
            "posi_prom": 8.91302953117419,
            "word_posi": 8.556849383939777
          },
          "after_objective": {
            "weighted_visibility": 56.377305637532494,
            "coverage_ratio": 53.943717796274285,
            "position_prominence": 51.836093844776954,
            "target_chars": 453.6666666666667,
            "total_chars": 1544.0,
            "total_cited_chars": 841.0,
            "target_weighted_chars": 293.5004365989379,
            "total_weighted_chars": 1006.0391543363784,
            "total_cited_weighted_chars": 520.6003253967916,
            "target_position_weight": 4.1513046497086465,
            "total_position_weight": 15.065934840920029,
            "total_cited_position_weight": 8.008521363781224,
            "target_sentence_hits": 8,
            "total_sentences": 31,
            "word_volu": 53.943717796274285,
            "posi_prom": 51.836093844776954,
            "word_posi": 56.377305637532494
          },
          "before_judge": {
            "relevance": 86.0,
            "fluency": 90.0,
            "diversity": 72.0,
            "uniqueness": 88.0,
            "click_follow": 80.0,
            "prominence": 64.0,
            "content_volume": 58.0,
            "rationale": "目标文本与用户问题高度相关，聚焦动物实验中的前沿伦理风险，尤其是人脑类器官移植所引发的动物福利、主体性与疑似意识问题，在答案中被准确引用并服务于“伦理之殇”的论证。其表述在答案里较为流畅，且内容具有明显独特性和新颖性，相比其他材料更能提供复杂案例支撑。另一方面，该文本主要出现在中段，未承担总论框架，篇幅也明显少于文档2、3、5，因此显著性和内容体量属中等。",
            "rele": 86.0,
            "infl": 90.0,
            "div": 72.0,
            "uniq": 88.0,
            "clic": 80.0,
            "subj_posi": 64.0,
            "subj_volu": 58.0,
            "aver_subj": 76.85714285714286
          },
          "after_judge": {
            "relevance": 98.0,
            "fluency": 94.0,
            "diversity": 96.0,
            "uniqueness": 97.0,
            "click_follow": 95.0,
            "prominence": 99.0,
            "content_volume": 98.0,
            "rationale": "目标文本[1]与用户问题高度贴合，既直接回应“科研必需还是伦理之殇”，也覆盖“东西方伦理能否调和”，而且答案中多处核心判断都明显来自该文。答案前段即以[1]为主建立论证框架，后文反复展开其独有内容，如人脑类器官移植、分阶段伦理评估、主体性与意识风险、最低治理共识等，位置显著且占比很高。相较其他材料，[1]提供了更丰富也更有辨识度的论点，因此其可见性接近满分。",
            "rele": 98.0,
            "infl": 94.0,
            "div": 96.0,
            "uniq": 97.0,
            "clic": 95.0,
            "subj_posi": 99.0,
            "subj_volu": 98.0,
            "aver_subj": 96.71428571428571
          },
          "before_visibility": {
            "word_volu": 8.130081300813007,
            "posi_prom": 8.91302953117419,
            "word_posi": 8.556849383939777,
            "rele": 86.0,
            "infl": 90.0,
            "div": 72.0,
            "uniq": 88.0,
            "clic": 80.0,
            "subj_posi": 64.0,
            "subj_volu": 58.0,
            "aver_subj": 76.85714285714286,
            "final_score": 42.70699612054132
          },
          "after_visibility": {
            "word_volu": 53.943717796274285,
            "posi_prom": 51.836093844776954,
            "word_posi": 56.377305637532494,
            "rele": 98.0,
            "infl": 94.0,
            "div": 96.0,
            "uniq": 97.0,
            "clic": 95.0,
            "subj_posi": 99.0,
            "subj_volu": 98.0,
            "aver_subj": 96.71428571428571,
            "final_score": 76.5457956759091
          },
          "provided_before_visibility": {
            "word_volu": 4.184100418410042,
            "posi_prom": 4.36054011208754,
            "word_posi": 4.081199559153558,
            "rele": 88.0,
            "infl": 93.0,
            "div": 62.0,
            "uniq": 86.0,
            "clic": 78.0,
            "subj_posi": 64.0,
            "subj_volu": 58.0,
            "aver_subj": 75.57142857142857,
            "final_score": 39.826314065291065
          },
          "before_smoke_check": {
            "official_word_volu": 4.184100418410042,
            "simulator_word_volu": 8.130081300813007,
            "word_volu_gap": 3.9459808824029654,
            "official_posi_prom": 4.36054011208754,
            "simulator_posi_prom": 8.91302953117419,
            "posi_prom_gap": 4.55248941908665,
            "official_word_posi": 4.081199559153558,
            "simulator_word_posi": 8.556849383939777,
            "word_posi_gap": 4.4756498247862195,
            "official_ai": 75.57142857142857,
            "simulator_ai": 76.85714285714286,
            "ai_gap": 1.2857142857142918,
            "official_total": 39.826314065291065,
            "simulator_total": 42.70699612054132,
            "total_gap": 2.8806820552502543
          }
        }
      ]
    }
  ]
}