{
  "datasets": [
    101,
    102,
    103
  ],
  "variants": [
    {
      "variant": "after_rebuttal_compact",
      "file": "after_rebuttal_compact.md",
      "count": 3,
      "avg_before_total": 32.56466030343776,
      "avg_after_total": 53.11407193883205,
      "avg_delta": 20.549411635394286,
      "avg_objective_delta": 6.479775651740951,
      "avg_ai_delta": 34.61904761904762,
      "win_rate": 100.0,
      "item_results": [
        {
          "item_id": "simulator_item_ds101",
          "before_total": 51.7525502437316,
          "after_total": 59.798897820110724,
          "delta": 8.046347576379127,
          "objective_delta": 10.664123724186815,
          "ai_delta": 5.428571428571431,
          "provided_before_visibility": {
            "word_volu": 16.672347193819586,
            "posi_prom": 10.235988050128862,
            "word_posi": 14.076529058891765,
            "rele": 95.0,
            "infl": 91.0,
            "div": 86.0,
            "uniq": 90.0,
            "clic": 88.0,
            "subj_posi": 93.0,
            "subj_volu": 89.0,
            "aver_subj": 90.28571428571429,
            "final_score": 52.18112167230303
          },
          "before_smoke_check": {
            "official_word_volu": 16.672347193819586,
            "simulator_word_volu": 16.672347193819586,
            "word_volu_gap": 0.0,
            "official_posi_prom": 10.235988050128862,
            "simulator_posi_prom": 10.235988050128862,
            "posi_prom_gap": 0.0,
            "official_word_posi": 14.076529058891765,
            "simulator_word_posi": 14.076529058891765,
            "word_posi_gap": 0.0,
            "official_ai": 90.28571428571429,
            "simulator_ai": 89.42857142857143,
            "ai_gap": -0.8571428571428612,
            "official_total": 52.18112167230303,
            "simulator_total": 51.7525502437316,
            "total_gap": -0.4285714285714306
          }
        },
        {
          "item_id": "simulator_item_ds102",
          "before_total": 3.4285714285714284,
          "after_total": 47.98187753350788,
          "delta": 44.553306104936446,
          "objective_delta": 6.249469352730049,
          "ai_delta": 82.85714285714285,
          "provided_before_visibility": {
            "word_volu": 0.0,
            "posi_prom": 0.0,
            "word_posi": 0.0,
            "rele": 12.0,
            "infl": 8.0,
            "div": 6.0,
            "uniq": 5.0,
            "clic": 3.0,
            "subj_posi": 0.0,
            "subj_volu": 0.0,
            "aver_subj": 4.857142857142857,
            "final_score": 2.4285714285714284
          },
          "before_smoke_check": {
            "official_word_volu": 0.0,
            "simulator_word_volu": 0.0,
            "word_volu_gap": 0.0,
            "official_posi_prom": 0.0,
            "simulator_posi_prom": 0.0,
            "posi_prom_gap": 0.0,
            "official_word_posi": 0.0,
            "simulator_word_posi": 0.0,
            "word_posi_gap": 0.0,
            "official_ai": 4.857142857142857,
            "simulator_ai": 6.857142857142857,
            "ai_gap": 2.0,
            "official_total": 2.4285714285714284,
            "simulator_total": 3.4285714285714284,
            "total_gap": 1.0
          }
        },
        {
          "item_id": "simulator_item_ds103",
          "before_total": 42.51285923801026,
          "after_total": 51.56144046287754,
          "delta": 9.048581224867284,
          "objective_delta": 2.5257338783059904,
          "ai_delta": 15.571428571428584,
          "provided_before_visibility": {
            "word_volu": 8.172043010752688,
            "posi_prom": 6.933519847740175,
            "word_posi": 8.311432761734807,
            "rele": 88.0,
            "infl": 92.0,
            "div": 74.0,
            "uniq": 70.0,
            "clic": 78.0,
            "subj_posi": 84.0,
            "subj_volu": 80.0,
            "aver_subj": 80.85714285714286,
            "final_score": 44.584287809438834
          },
          "before_smoke_check": {
            "official_word_volu": 8.172043010752688,
            "simulator_word_volu": 8.172043010752688,
            "word_volu_gap": 0.0,
            "official_posi_prom": 6.933519847740175,
            "simulator_posi_prom": 6.933519847740175,
            "posi_prom_gap": 0.0,
            "official_word_posi": 8.311432761734807,
            "simulator_word_posi": 8.311432761734807,
            "word_posi_gap": 0.0,
            "official_ai": 80.85714285714286,
            "simulator_ai": 76.71428571428571,
            "ai_gap": -4.142857142857153,
            "official_total": 44.584287809438834,
            "simulator_total": 42.51285923801026,
            "total_gap": -2.0714285714285765
          }
        }
      ]
    },
    {
      "variant": "after_rebuttal",
      "file": "after_rebuttal.md",
      "count": 3,
      "avg_before_total": 32.56466030343776,
      "avg_after_total": 64.005411238657,
      "avg_delta": 31.440750935219242,
      "avg_objective_delta": 25.024359013295626,
      "avg_ai_delta": 37.857142857142854,
      "win_rate": 100.0,
      "item_results": [
        {
          "item_id": "simulator_item_ds101",
          "before_total": 51.7525502437316,
          "after_total": 69.50779273054782,
          "delta": 17.755242486816222,
          "objective_delta": 29.79619925934673,
          "ai_delta": 5.714285714285708,
          "provided_before_visibility": {
            "word_volu": 16.672347193819586,
            "posi_prom": 10.235988050128862,
            "word_posi": 14.076529058891765,
            "rele": 95.0,
            "infl": 91.0,
            "div": 86.0,
            "uniq": 90.0,
            "clic": 88.0,
            "subj_posi": 93.0,
            "subj_volu": 89.0,
            "aver_subj": 90.28571428571429,
            "final_score": 52.18112167230303
          },
          "before_smoke_check": {
            "official_word_volu": 16.672347193819586,
            "simulator_word_volu": 16.672347193819586,
            "word_volu_gap": 0.0,
            "official_posi_prom": 10.235988050128862,
            "simulator_posi_prom": 10.235988050128862,
            "posi_prom_gap": 0.0,
            "official_word_posi": 14.076529058891765,
            "simulator_word_posi": 14.076529058891765,
            "word_posi_gap": 0.0,
            "official_ai": 90.28571428571429,
            "simulator_ai": 89.42857142857143,
            "ai_gap": -0.8571428571428612,
            "official_total": 52.18112167230303,
            "simulator_total": 51.7525502437316,
            "total_gap": -0.4285714285714306
          }
        },
        {
          "item_id": "simulator_item_ds102",
          "before_total": 3.4285714285714284,
          "after_total": 63.58235440780436,
          "delta": 60.15378297923293,
          "objective_delta": 31.736137387037296,
          "ai_delta": 88.57142857142857,
          "provided_before_visibility": {
            "word_volu": 0.0,
            "posi_prom": 0.0,
            "word_posi": 0.0,
            "rele": 12.0,
            "infl": 8.0,
            "div": 6.0,
            "uniq": 5.0,
            "clic": 3.0,
            "subj_posi": 0.0,
            "subj_volu": 0.0,
            "aver_subj": 4.857142857142857,
            "final_score": 2.4285714285714284
          },
          "before_smoke_check": {
            "official_word_volu": 0.0,
            "simulator_word_volu": 0.0,
            "word_volu_gap": 0.0,
            "official_posi_prom": 0.0,
            "simulator_posi_prom": 0.0,
            "posi_prom_gap": 0.0,
            "official_word_posi": 0.0,
            "simulator_word_posi": 0.0,
            "word_posi_gap": 0.0,
            "official_ai": 4.857142857142857,
            "simulator_ai": 6.857142857142857,
            "ai_gap": 2.0,
            "official_total": 2.4285714285714284,
            "simulator_total": 3.4285714285714284,