{
  "datasets": [
    101,
    102,
    103
  ],
  "variants": [
    {
      "variant": "after_rebuttal",
      "file": "after_rebuttal.md",
      "count": 3,
      "avg_before_total": 32.63608887486633,
      "avg_after_total": 60.25532036878957,
      "avg_delta": 27.619231493923234,
      "avg_objective_delta": 17.85751060689407,
      "avg_ai_delta": 37.38095238095239,
      "win_rate": 100.0,
      "item_results": [
        {
          "item_id": "simulator_item_ds101",
          "before_total": 51.89540738658874,
          "after_total": 59.410099286675475,
          "delta": 7.5146919000867385,
          "objective_delta": 9.315098085887762,
          "ai_delta": 5.714285714285722,
          "provided_before_visibility": {
            "word_volu": 16.672347193819586,
            "posi_prom": 10.235988050128862,
            "word_posi": 14.076529058891765,
            "rele": 95.0,
            "infl": 91.0,
            "div": 86.0,
            "uniq": 90.0,
            "clic": 88.0,
            "subj_posi": 93.0,
            "subj_volu": 89.0,
            "aver_subj": 90.28571428571429,
            "final_score": 52.18112167230303
          },
          "before_smoke_check": {
            "official_word_volu": 16.672347193819586,
            "simulator_word_volu": 16.672347193819586,
            "word_volu_gap": 0.0,
            "official_posi_prom": 10.235988050128862,
            "simulator_posi_prom": 10.235988050128862,
            "posi_prom_gap": 0.0,
            "official_word_posi": 14.076529058891765,
            "simulator_word_posi": 14.076529058891765,
            "word_posi_gap": 0.0,
            "official_ai": 90.28571428571429,
            "simulator_ai": 89.71428571428571,
            "ai_gap": -0.5714285714285836,
            "official_total": 52.18112167230303,
            "simulator_total": 51.89540738658874,
            "total_gap": -0.2857142857142918
          }
        },
        {
          "item_id": "simulator_item_ds102",
          "before_total": 1.7142857142857142,
          "after_total": 57.271012942522106,
          "delta": 55.55672722823639,
          "objective_delta": 19.256311599329916,
          "ai_delta": 91.85714285714286,
          "provided_before_visibility": {
            "word_volu": 0.0,
            "posi_prom": 0.0,
            "word_posi": 0.0,
            "rele": 12.0,
            "infl": 8.0,
            "div": 6.0,
            "uniq": 5.0,
            "clic": 3.0,
            "subj_posi": 0.0,
            "subj_volu": 0.0,
            "aver_subj": 4.857142857142857,
            "final_score": 2.4285714285714284
          },
          "before_smoke_check": {
            "official_word_volu": 0.0,
            "simulator_word_volu": 0.0,
            "word_volu_gap": 0.0,
            "official_posi_prom": 0.0,
            "simulator_posi_prom": 0.0,
            "posi_prom_gap": 0.0,
            "official_word_posi": 0.0,
            "simulator_word_posi": 0.0,
            "word_posi_gap": 0.0,
            "official_ai": 4.857142857142857,
            "simulator_ai": 3.4285714285714284,
            "ai_gap": -1.4285714285714284,
            "official_total": 2.4285714285714284,
            "simulator_total": 1.7142857142857142,
            "total_gap": -0.7142857142857142
          }
        },
        {
          "item_id": "simulator_item_ds103",
          "before_total": 44.29857352372455,
          "after_total": 64.08484887717111,
          "delta": 19.786275353446563,
          "objective_delta": 25.00112213546454,
          "ai_delta": 14.57142857142857,
          "provided_before_visibility": {
            "word_volu": 8.172043010752688,
            "posi_prom": 6.933519847740175,
            "word_posi": 8.311432761734807,
            "rele": 88.0,
            "infl": 92.0,
            "div": 74.0,
            "uniq": 70.0,
            "clic": 78.0,
            "subj_posi": 84.0,
            "subj_volu": 80.0,
            "aver_subj": 80.85714285714286,
            "final_score": 44.584287809438834
          },
          "before_smoke_check": {
            "official_word_volu": 8.172043010752688,
            "simulator_word_volu": 8.172043010752688,
            "word_volu_gap": 0.0,
            "official_posi_prom": 6.933519847740175,
            "simulator_posi_prom": 6.933519847740175,
            "posi_prom_gap": 0.0,
            "official_word_posi": 8.311432761734807,
            "simulator_word_posi": 8.311432761734807,
            "word_posi_gap": 0.0,
            "official_ai": 80.85714285714286,
            "simulator_ai": 80.28571428571429,
            "ai_gap": -0.5714285714285694,
            "official_total": 44.584287809438834,
            "simulator_total": 44.29857352372455,
            "total_gap": -0.2857142857142847
          }
        }
      ]
    },
    {
      "variant": "after_rebuttal_extended",
      "file": "after_rebuttal_extended.md",
      "count": 3,
      "avg_before_total": 32.63608887486633,
      "avg_after_total": 59.734229691643925,
      "avg_delta": 27.09814081677759,
      "avg_objective_delta": 18.05342449069804,
      "avg_ai_delta": 36.142857142857146,
      "win_rate": 100.0,
      "item_results": [
        {
          "item_id": "simulator_item_ds101",
          "before_total": 51.89540738658874,
          "after_total": 70.70775955153309,
          "delta": 18.81235216494435,
          "objective_delta": 31.910418615602985,
          "ai_delta": 5.714285714285722,
          "provided_before_visibility": {
            "word_volu": 16.672347193819586,
            "posi_prom": 10.235988050128862,
            "word_posi": 14.076529058891765,
            "rele": 95.0,
            "infl": 91.0,
            "div": 86.0,
            "uniq": 90.0,
            "clic": 88.0,
            "subj_posi": 93.0,
            "subj_volu": 89.0,
            "aver_subj": 90.28571428571429,
            "final_score": 52.18112167230303
          },
          "before_smoke_check": {
            "official_word_volu": 16.672347193819586,
            "simulator_word_volu": 16.672347193819586,
            "word_volu_gap": 0.0,
            "official_posi_prom": 10.235988050128862,
            "simulator_posi_prom": 10.235988050128862,
            "posi_prom_gap": 0.0,
            "official_word_posi": 14.076529058891765,
            "simulator_word_posi": 14.076529058891765,
            "word_posi_gap": 0.0,
            "official_ai": 90.28571428571429,
            "simulator_ai": 89.71428571428571,
            "ai_gap": -0.5714285714285836,
            "official_total": 52.18112167230303,
            "simulator_total": 51.89540738658874,
            "total_gap": -0.2857142857142918
          }
        },
        {
          "item_id": "simulator_item_ds102",
          "before_total": 1.7142857142857142,
          "after_total": 48.42096608493934,
          "delta": 46.70668037065362,
          "objective_delta": 4.2705035984501025,
          "ai_delta": 89.14285714285714,
          "provided_before_visibility": {
            "word_volu": 0.0,
            "posi_prom": 0.0,
            "word_posi": 0.0,
            "rele": 12.0,
            "infl": 8.0,
            "div": 6.0,
            "uniq": 5.0,
            "clic": 3.0,
            "subj_posi": 0.0,
            "subj_volu": 0.0,
            "aver_subj": 4.857142857142857,
            "final_score": 2.4285714285714284
          },
          "before_smoke_check": {
            "official_word_volu": 0.0,
            "simulator_word_volu": 0.0,
            "word_volu_gap": 0.0,
            "official_posi_prom": 0.0,
            "simulator_posi_prom": 0.0,
            "posi_prom_gap": 0.0,
            "official_word_posi": 0.0,
            "simulator_word_posi": 0.0,
            "word_posi_gap": 0.0,
            "official_ai": 4.857142857142857,
            "simulator_ai": 3.4285714285714284,
            "ai_gap": -1.4285714285714284,
            "official_total": 2.4285714285714284,