{
  "datasets": [
    3,
    9,
    10,
    12
  ],
  "variants": [
    {
      "variant": "after_rebuttal",
      "file": "after_rebuttal.md",
      "count": 4,
      "avg_before_total": 45.99623757052669,
      "avg_after_total": 71.40945596267629,
      "avg_delta": 25.4132183921496,
      "avg_objective_delta": 36.54072249858491,
      "avg_ai_delta": 14.285714285714281,
      "win_rate": 100.0,
      "item_results": [
        {
          "item_id": "simulator_item_ds3",
          "before_total": 50.91832737646544,
          "after_total": 62.244703599533636,
          "delta": 11.326376223068195,
          "objective_delta": 16.795609588993543,
          "ai_delta": 5.857142857142847,
          "provided_before_visibility": {
            "word_volu": 12.675854148722365,
            "posi_prom": 13.135797844565522,
            "word_posi": 12.979511895788026,
            "rele": 95.0,
            "infl": 93.0,
            "div": 85.0,
            "uniq": 82.0,
            "clic": 88.0,
            "subj_posi": 84.0,
            "subj_volu": 86.0,
            "aver_subj": 87.57142857142857,
            "final_score": 50.275470233608296
          },
          "before_smoke_check": {
            "official_word_volu": 12.675854148722365,
            "simulator_word_volu": 12.675854148722365,
            "word_volu_gap": 0.0,
            "official_posi_prom": 13.135797844565522,
            "simulator_posi_prom": 13.135797844565522,
            "posi_prom_gap": 0.0,
            "official_word_posi": 12.979511895788026,
            "simulator_word_posi": 12.979511895788026,
            "word_posi_gap": 0.0,
            "official_ai": 87.57142857142857,
            "simulator_ai": 88.85714285714286,
            "ai_gap": 1.2857142857142918,
            "official_total": 50.275470233608296,
            "simulator_total": 50.91832737646544,
            "total_gap": 0.6428571428571459
          }
        },
        {
          "item_id": "simulator_item_ds9",
          "before_total": 41.397742636719634,
          "after_total": 77.48494926151699,
          "delta": 36.08720662479735,
          "objective_delta": 54.1744132495947,
          "ai_delta": 18.0,
          "provided_before_visibility": {
            "word_volu": 4.184100418410042,
            "posi_prom": 4.36054011208754,
            "word_posi": 4.081199559153558,
            "rele": 88.0,
            "infl": 93.0,
            "div": 62.0,
            "uniq": 86.0,
            "clic": 78.0,
            "subj_posi": 64.0,
            "subj_volu": 58.0,
            "aver_subj": 75.57142857142857,
            "final_score": 39.826314065291065
          },
          "before_smoke_check": {
            "official_word_volu": 4.184100418410042,
            "simulator_word_volu": 4.184100418410042,
            "word_volu_gap": 0.0,
            "official_posi_prom": 4.36054011208754,
            "simulator_posi_prom": 4.36054011208754,
            "posi_prom_gap": 0.0,
            "official_word_posi": 4.081199559153558,
            "simulator_word_posi": 4.081199559153558,
            "word_posi_gap": 0.0,
            "official_ai": 75.57142857142857,
            "simulator_ai": 78.71428571428571,
            "ai_gap": 3.142857142857139,
            "official_total": 39.826314065291065,
            "simulator_total": 41.397742636719634,
            "total_gap": 1.5714285714285694
          }
        },
        {
          "item_id": "simulator_item_ds10",
          "before_total": 41.88239612977268,
          "after_total": 60.21318226750436,
          "delta": 18.33078613773168,
          "objective_delta": 19.518715132606207,
          "ai_delta": 17.14285714285714,
          "provided_before_visibility": {
            "word_volu": 6.584821428571429,
            "posi_prom": 6.697547539411702,
            "word_posi": 6.336220830973935,
            "rele": 92.0,
            "infl": 88.0,
            "div": 74.0,
            "uniq": 90.0,
            "clic": 83.0,
            "subj_posi": 72.0,
            "subj_volu": 58.0,
            "aver_subj": 79.57142857142857,
            "final_score": 42.95382470120125
          },
          "before_smoke_check": {
            "official_word_volu": 6.584821428571429,
            "simulator_word_volu": 6.584821428571429,
            "word_volu_gap": 0.0,
            "official_posi_prom": 6.697547539411702,
            "simulator_posi_prom": 6.697547539411702,
            "posi_prom_gap": 0.0,
            "official_word_posi": 6.336220830973935,
            "simulator_word_posi": 6.336220830973935,
            "word_posi_gap": 0.0,
            "official_ai": 79.57142857142857,
            "simulator_ai": 77.42857142857143,
            "ai_gap": -2.142857142857139,
            "official_total": 42.95382470120125,
            "simulator_total": 41.88239612977268,
            "total_gap": -1.0714285714285694
          }
        },
        {
          "item_id": "simulator_item_ds12",
          "before_total": 49.786484139149,
          "after_total": 85.69498872215017,
          "delta": 35.90850458300117,
          "objective_delta": 55.6741520231452,
          "ai_delta": 16.14285714285714,
          "provided_before_visibility": {
            "word_volu": 17.852522639068564,
            "posi_prom": 17.019304384150384,
            "word_posi": 19.001539706869437,
            "rele": 95.0,
            "infl": 88.0,
            "div": 62.0,
            "uniq": 76.0,
            "clic": 82.0,
            "subj_posi": 90.0,
            "subj_volu": 78.0,
            "aver_subj": 81.57142857142857,
            "final_score": 50.286484139149
          },
          "before_smoke_check": {
            "official_word_volu": 17.852522639068564,
            "simulator_word_volu": 17.852522639068564,
            "word_volu_gap": 0.0,
            "official_posi_prom": 17.019304384150384,
            "simulator_posi_prom": 17.019304384150384,
            "posi_prom_gap": 0.0,
            "official_word_posi": 19.001539706869437,
            "simulator_word_posi": 19.001539706869437,
            "word_posi_gap": 0.0,
            "official_ai": 81.57142857142857,
            "simulator_ai": 80.57142857142857,
            "ai_gap": -1.0,
            "official_total": 50.286484139149,
            "simulator_total": 49.786484139149,
            "total_gap": -0.5
          }
        }
      ]
    },
    {
      "variant": "after_rebuttal_extended",
      "file": "after_rebuttal_extended.md",
      "count": 4,
      "avg_before_total": 45.99623757052669,
      "avg_after_total": 66.5431526246474,
      "avg_delta": 20.546915054120714,
      "avg_objective_delta": 26.736687251098573,
      "avg_ai_delta": 14.357142857142854,
      "win_rate": 100.0,
      "item_results": [
        {
          "item_id": "simulator_item_ds3",
          "before_total": 50.91832737646544,
          "after_total": 54.833337651963014,
          "delta": 3.915010275497572,
          "objective_delta": 1.1157348367094375,
          "ai_delta": 6.714285714285708,
          "provided_before_visibility": {
            "word_volu": 12.675854148722365,
            "posi_prom": 13.135797844565522,
            "word_posi": 12.979511895788026,
            "rele": 95.0,
            "infl": 93.0,
            "div": 85.0,
            "uniq": 82.0,
            "clic": 88.0,
            "subj_posi": 84.0,
            "subj_volu": 86.0,
            "aver_subj": 87.57142857142857,
            "final_score": 50.275470233608296
          },
          "before_smoke_check": {
            "official_word_volu": 12.675854148722365,
            "simulator_word_volu": 12.675854148722365,
            "word_volu_gap": 0.0,
            "official_posi_prom": 13.135797844565522,
            "simulator_posi_prom": 13.135797844565522,
            "posi_prom_gap": 0.0,
            "official_word_posi": 12.979511895788026,
            "simulator_word_posi": 12.979511895788026,
            "word_posi_gap": 0.0,