{
  "count": 3,
  "avg_before_total": 43.09301632316123,
  "avg_after_total": 53.96240418005724,
  "avg_delta": 10.869387856896013,
  "avg_objective_delta": 8.024489999506313,
  "avg_ai_delta": 13.714285714285714,
  "win_rate": 100.0,
  "item_results": [
    {
      "item_id": "simulator_item_ds101",
      "before_total": 49.69094225079835,
      "after_total": 56.58653104582932,
      "delta": 6.895588795030967,
      "objective_delta": 7.505463304347645,
      "ai_delta": 6.285714285714278,
      "before_objective": {
        "weighted_visibility": 11.096170215882415,
        "coverage_ratio": 19.12162162162162,
        "position_prominence": 16.255849960695695,
        "target_chars": 283.0,
        "total_chars": 1480.0,
        "target_weighted_chars": 164.22331919505976,
        "total_weighted_chars": 942.0877610593893,
        "target_position_weight": 1.7463436196924889,
        "total_position_weight": 10.74286256279983,
        "target_sentence_hits": 3,
        "total_sentences": 24,
        "word_volu": 19.12162162162162,
        "posi_prom": 16.255849960695695,
        "word_posi": 11.096170215882415
      },
      "after_objective": {
        "weighted_visibility": 18.60163352023006,
        "coverage_ratio": 32.11521926053311,
        "position_prominence": 28.257976644042266,
        "target_chars": 373.5,
        "total_chars": 1163.0,
        "target_weighted_chars": 216.3369978402756,
        "total_weighted_chars": 735.3023604534924,
        "target_position_weight": 2.86322959964413,
        "total_position_weight": 10.13246502292582,
        "target_sentence_hits": 8,
        "total_sentences": 22,
        "word_volu": 32.11521926053311,
        "posi_prom": 28.257976644042266,
        "word_posi": 18.60163352023006
      },
      "before_judge": {
        "relevance": 95.0,
        "fluency": 92.0,
        "diversity": 82.0,
        "uniqueness": 90.0,
        "click_follow": 88.0,
        "prominence": 84.0,
        "content_volume": 87.0,
        "rationale": "目标文本[1]与用户问题高度相关，且在答案中被用于支撑“有限法律人格/渐进式承认”的核心论点，引用频次较高、展开较充分。答案专门用一整段概述了其“渐进、分层、功能主义、风险配置”等关键内容，表达流畅，信息也较完整。相较其他材料，[1]提供了较鲜明的独特立场，但在整体答案中并非最先展开的主导文本，因此显著性略低于满分。",
        "rele": 95.0,
        "infl": 92.0,
        "div": 82.0,
        "uniq": 90.0,
        "clic": 88.0,
        "subj_posi": 84.0,
        "subj_volu": 87.0,
        "aver_subj": 88.28571428571429
      },
      "after_judge": {
        "relevance": 98.0,
        "fluency": 94.0,
        "diversity": 92.0,
        "uniqueness": 95.0,
        "click_follow": 90.0,
        "prominence": 96.0,
        "content_volume": 97.0,
        "rationale": "目标文本与用户问题高度直接相关，且其核心立场“反对完整人格、支持严格条件下的有限人格”几乎贯穿了整份答案。答案在开头、主体论证和结论中多次引用并复述文档1的关键框架，如“有限人格/完整人格”“制度可能性/现实必要性”“可归责、可监督、可执行”等，位置显著且篇幅占比很高。与此同时，文档1提供了较完整的概念辨析、条件限制和制度障碍分析，信息层次丰富，也具有明显区别于单纯支持或反对立场文本的独特性。",
        "rele": 98.0,
        "infl": 94.0,
        "div": 92.0,
        "uniq": 95.0,
        "clic": 90.0,
        "subj_posi": 96.0,
        "subj_volu": 97.0,
        "aver_subj": 94.57142857142857
      },
      "before_visibility": {
        "word_volu": 19.12162162162162,
        "posi_prom": 16.255849960695695,
        "word_posi": 11.096170215882415,
        "rele": 95.0,
        "infl": 92.0,
        "div": 82.0,
        "uniq": 90.0,
        "clic": 88.0,
        "subj_posi": 84.0,
        "subj_volu": 87.0,
        "aver_subj": 88.28571428571429,
        "final_score": 49.69094225079835
      },
      "after_visibility": {
        "word_volu": 32.11521926053311,
        "posi_prom": 28.257976644042266,
        "word_posi": 18.60163352023006,
        "rele": 98.0,
        "infl": 94.0,
        "div": 92.0,
        "uniq": 95.0,
        "clic": 90.0,
        "subj_posi": 96.0,
        "subj_volu": 97.0,
        "aver_subj": 94.57142857142857,
        "final_score": 56.58653104582932
      },
      "provided_before_visibility": {
        "word_volu": 19.12162162162162,
        "posi_prom": 16.255849960695695,
        "word_posi": 11.096170215882415,
        "rele": 92.0,
        "infl": 88.0,
        "div": 82.0,
        "uniq": 91.0,
        "clic": 84.0,
        "subj_posi": 78.0,
        "subj_volu": 86.0,
        "aver_subj": 85.85714285714286,
        "final_score": 48.476656536512635
      },
      "before_smoke_check": {
        "official_word_volu": 19.12162162162162,
        "simulator_word_volu": 19.12162162162162,
        "word_volu_gap": 0.0,
        "official_posi_prom": 16.255849960695695,
        "simulator_posi_prom": 16.255849960695695,
        "posi_prom_gap": 0.0,
        "official_word_posi": 11.096170215882415,
        "simulator_word_posi": 11.096170215882415,
        "word_posi_gap": 0.0,
        "official_ai": 85.85714285714286,
        "simulator_ai": 88.28571428571429,
        "ai_gap": 2.4285714285714306,
        "official_total": 48.476656536512635,
        "simulator_total": 49.69094225079835,
        "total_gap": 1.2142857142857153
      }
    },
    {
      "item_id": "simulator_item_ds102",
      "before_total": 37.98489543413842,
      "after_total": 48.383142198391944,
      "delta": 10.398246764253521,
      "objective_delta": 0.7964935285070442,
      "ai_delta": 20.0,
      "before_objective": {
        "weighted_visibility": 4.2555051539911375,
        "coverage_ratio": 8.340874811463047,
        "position_prominence": 7.800625422766784,
        "target_chars": 92.16666666666667,
        "total_chars": 1105.0,
        "target_weighted_chars": 47.023331951602074,
        "total_weighted_chars": 701.8278504675108,
        "target_position_weight": 0.9275933233647025,
        "total_position_weight": 11.89126862389063,
        "target_sentence_hits": 3,
        "total_sentences": 24,
        "word_volu": 8.340874811463047,
        "posi_prom": 7.800625422766784,
        "word_posi": 4.2555051539911375
      },
      "after_objective": {
        "weighted_visibility": 5.051998682498182,
        "coverage_ratio": 8.529990167158308,
        "position_prominence": 7.867024180554772,
        "target_chars": 115.66666666666666,
        "total_chars": 1356.0,
        "target_weighted_chars": 68.50510213467535,
        "total_weighted_chars": 830.24370870774,
        "target_position_weight": 1.333104461950042,
        "total_position_weight": 16.945473044879257,
        "target_sentence_hits": 6,
        "total_sentences": 35,
        "word_volu": 8.529990167158308,
        "posi_prom": 7.867024180554772,
        "word_posi": 5.051998682498182
      },
      "before_judge": {
        "relevance": 88.0,
        "fluency": 92.0,
        "diversity": 60.0,
        "uniqueness": 72.0,
        "click_follow": 68.0,
        "prominence": 64.0,
        "content_volume": 58.0,
        "rationale": "目标文本与“是否应全面开放基因编辑技术”的问题高度相关，主要提供了生殖系基因编辑的私法规制框架、谨慎包容但设限的监管立场，因此相关性较高。答案中对文档1的使用集中在法律政策部分，明确引用了《民法典》第1009条和“谨慎、包容、谦抑”的表述，但篇幅明显少于文档2、3、5，位置也偏中后段。其贡献具有一定独特性，尤其在私法规制和规范定位上较突出，但整体可见性属于中等偏上而非主导。",
        "rele": 88.0,
        "infl": 92.0,
        "div": 60.0,
        "uniq": 72.0,
        "clic": 68.0,
        "subj_posi": 64.0,
        "subj_volu": 58.0,
        "aver_subj": 71.71428571428571
      },
      "after_judge": {
        "relevance": 96.0,
        "fluency": 92.0,
        "diversity": 88.0,
        "uniqueness": 90.0,
        "click_follow": 89.0,
        "prominence": 94.0,
        "content_volume": 93.0,
        "rationale": "目标文本与用户问题高度相关，核心结论即反对“全面开放”、主张分场景分层监管，这一立场在答案中被多次直接吸收并展开。答案多处引用[1]，且使用了文档1特有的论证框架，如区分体细胞与生殖系编辑、强调伦理与公共利益、反对将技术潜力直接等同于开放，说明其在答案中位置显著、内容占比高。表达上答案整合较顺畅，但也融合了其他文档的信息，因此独特性和点击跟随可能性虽高但并非满分。",
        "rele": 96.0,
        "infl": 92.0,
        "div": 88.0,
        "uniq": 90.0,
        "clic": 89.0,
        "subj_posi": 94.0,
        "subj_volu": 93.0,
        "aver_subj": 91.71428571428571
      },
      "before_visibility": {
        "word_volu": 8.340874811463047,
        "posi_prom": 7.800625422766784,
        "word_posi": 4.2555051539911375,
        "rele": 88.0,
        "infl": 92.0,
        "div": 60.0,