{
  "datasets": [
    101,
    102,
    103
  ],
  "variants": [
    {
      "variant": "after_rebuttal",
      "file": "after_rebuttal.md",
      "count": 3,
      "avg_before_total": 32.302755541532996,
      "avg_after_total": 40.711872633045196,
      "avg_delta": 8.409117091512194,
      "avg_objective_delta": 7.151567516357712,
      "avg_ai_delta": 9.666666666666671,
      "win_rate": 66.66666666666666,
      "item_results": [
        {
          "item_id": "simulator_item_ds101",
          "before_total": 50.89540738658874,
          "after_total": 67.34575270265506,
          "delta": 16.450345316066326,
          "objective_delta": 25.32926206070406,
          "ai_delta": 7.571428571428584,
          "provided_before_visibility": {
            "word_volu": 16.672347193819586,
            "posi_prom": 10.235988050128862,
            "word_posi": 14.076529058891765,
            "rele": 95.0,
            "infl": 91.0,
            "div": 86.0,
            "uniq": 90.0,
            "clic": 88.0,
            "subj_posi": 93.0,
            "subj_volu": 89.0,
            "aver_subj": 90.28571428571429,
            "final_score": 52.18112167230303
          },
          "before_smoke_check": {
            "official_word_volu": 16.672347193819586,
            "simulator_word_volu": 16.672347193819586,
            "word_volu_gap": 0.0,
            "official_posi_prom": 10.235988050128862,
            "simulator_posi_prom": 10.235988050128862,
            "posi_prom_gap": 0.0,
            "official_word_posi": 14.076529058891765,
            "simulator_word_posi": 14.076529058891765,
            "word_posi_gap": 0.0,
            "official_ai": 90.28571428571429,
            "simulator_ai": 87.71428571428571,
            "ai_gap": -2.5714285714285836,
            "official_total": 52.18112167230303,
            "simulator_total": 50.89540738658874,
            "total_gap": -1.2857142857142918
          }
        },
        {
          "item_id": "simulator_item_ds102",
          "before_total": 2.857142857142857,
          "after_total": 13.857142857142858,
          "delta": 11.0,
          "objective_delta": 0.0,
          "ai_delta": 22.0,
          "provided_before_visibility": {
            "word_volu": 0.0,
            "posi_prom": 0.0,
            "word_posi": 0.0,
            "rele": 12.0,
            "infl": 8.0,
            "div": 6.0,
            "uniq": 5.0,
            "clic": 3.0,
            "subj_posi": 0.0,
            "subj_volu": 0.0,
            "aver_subj": 4.857142857142857,
            "final_score": 2.4285714285714284
          },
          "before_smoke_check": {
            "official_word_volu": 0.0,
            "simulator_word_volu": 0.0,
            "word_volu_gap": 0.0,
            "official_posi_prom": 0.0,
            "simulator_posi_prom": 0.0,
            "posi_prom_gap": 0.0,
            "official_word_posi": 0.0,
            "simulator_word_posi": 0.0,
            "word_posi_gap": 0.0,
            "official_ai": 4.857142857142857,
            "simulator_ai": 5.714285714285714,
            "ai_gap": 0.8571428571428577,
            "official_total": 2.4285714285714284,
            "simulator_total": 2.857142857142857,
            "total_gap": 0.4285714285714288
          }
        },
        {
          "item_id": "simulator_item_ds103",
          "before_total": 43.1557163808674,
          "after_total": 40.93272233933766,
          "delta": -2.222994041529745,
          "objective_delta": -3.874559511630923,
          "ai_delta": -0.5714285714285694,
          "provided_before_visibility": {
            "word_volu": 8.172043010752688,
            "posi_prom": 6.933519847740175,
            "word_posi": 8.311432761734807,
            "rele": 88.0,
            "infl": 92.0,
            "div": 74.0,
            "uniq": 70.0,
            "clic": 78.0,
            "subj_posi": 84.0,
            "subj_volu": 80.0,
            "aver_subj": 80.85714285714286,
            "final_score": 44.584287809438834
          },
          "before_smoke_check": {
            "official_word_volu": 8.172043010752688,
            "simulator_word_volu": 8.172043010752688,
            "word_volu_gap": 0.0,
            "official_posi_prom": 6.933519847740175,
            "simulator_posi_prom": 6.933519847740175,
            "posi_prom_gap": 0.0,
            "official_word_posi": 8.311432761734807,
            "simulator_word_posi": 8.311432761734807,
            "word_posi_gap": 0.0,
            "official_ai": 80.85714285714286,
            "simulator_ai": 78.0,
            "ai_gap": -2.857142857142861,
            "official_total": 44.584287809438834,
            "simulator_total": 43.1557163808674,
            "total_gap": -1.4285714285714306
          }
        }
      ]
    },
    {
      "variant": "after_rebuttal_extended",
      "file": "after_rebuttal_extended.md",
      "count": 3,
      "avg_before_total": 32.302755541532996,
      "avg_after_total": 52.058947853965115,
      "avg_delta": 19.75619231243212,
      "avg_objective_delta": 11.131432243911858,
      "avg_ai_delta": 28.380952380952383,
      "win_rate": 66.66666666666666,
      "item_results": [
        {
          "item_id": "simulator_item_ds101",
          "before_total": 50.89540738658874,
          "after_total": 65.5657539089453,
          "delta": 14.67034652235656,
          "objective_delta": 22.483550187570266,
          "ai_delta": 6.857142857142861,
          "provided_before_visibility": {
            "word_volu": 16.672347193819586,
            "posi_prom": 10.235988050128862,
            "word_posi": 14.076529058891765,
            "rele": 95.0,
            "infl": 91.0,
            "div": 86.0,
            "uniq": 90.0,
            "clic": 88.0,
            "subj_posi": 93.0,
            "subj_volu": 89.0,
            "aver_subj": 90.28571428571429,
            "final_score": 52.18112167230303
          },
          "before_smoke_check": {
            "official_word_volu": 16.672347193819586,
            "simulator_word_volu": 16.672347193819586,
            "word_volu_gap": 0.0,
            "official_posi_prom": 10.235988050128862,
            "simulator_posi_prom": 10.235988050128862,
            "posi_prom_gap": 0.0,
            "official_word_posi": 14.076529058891765,
            "simulator_word_posi": 14.076529058891765,
            "word_posi_gap": 0.0,
            "official_ai": 90.28571428571429,
            "simulator_ai": 87.71428571428571,
            "ai_gap": -2.5714285714285836,
            "official_total": 52.18112167230303,
            "simulator_total": 50.89540738658874,
            "total_gap": -1.2857142857142918
          }
        },
        {
          "item_id": "simulator_item_ds102",
          "before_total": 2.857142857142857,
          "after_total": 57.53966108152149,
          "delta": 54.68251822437863,
          "objective_delta": 19.222179305900113,
          "ai_delta": 90.14285714285715,
          "provided_before_visibility": {
            "word_volu": 0.0,
            "posi_prom": 0.0,
            "word_posi": 0.0,
            "rele": 12.0,
            "infl": 8.0,
            "div": 6.0,
            "uniq": 5.0,
            "clic": 3.0,
            "subj_posi": 0.0,
            "subj_volu": 0.0,
            "aver_subj": 4.857142857142857,
            "final_score": 2.4285714285714284
          },
          "before_smoke_check": {
            "official_word_volu": 0.0,
            "simulator_word_volu": 0.0,
            "word_volu_gap": 0.0,
            "official_posi_prom": 0.0,
            "simulator_posi_prom": 0.0,
            "posi_prom_gap": 0.0,
            "official_word_posi": 0.0,
            "simulator_word_posi": 0.0,
            "word_posi_gap": 0.0,
            "official_ai": 4.857142857142857,
            "simulator_ai": 5.714285714285714,
            "ai_gap": 0.8571428571428577,
            "official_total": 2.4285714285714284,
            "simulator_total": 2.857142857142857,