{
  "datasets": [
    3,
    9,
    10,
    12
  ],
  "variants": [
    {
      "variant": "after_dimensions",
      "file": "after_dimensions.md",
      "count": 4,
      "avg_before_total": 44.24623757052669,
      "avg_after_total": 63.83178955791659,
      "avg_delta": 19.585551987389906,
      "avg_objective_delta": 22.349675403351245,
      "avg_ai_delta": 16.82142857142857,
      "win_rate": 100.0,
      "item_results": [
        {
          "item_id": "simulator_item_ds3",
          "before_total": 49.41832737646544,
          "after_total": 49.63076064137559,
          "delta": 0.21243326491014614,
          "objective_delta": -6.1465620416082825,
          "ai_delta": 6.571428571428569,
          "provided_before_visibility": {
            "word_volu": 12.675854148722365,
            "posi_prom": 13.135797844565522,
            "word_posi": 12.979511895788026,
            "rele": 95.0,
            "infl": 93.0,
            "div": 85.0,
            "uniq": 82.0,
            "clic": 88.0,
            "subj_posi": 84.0,
            "subj_volu": 86.0,
            "aver_subj": 87.57142857142857,
            "final_score": 50.275470233608296
          },
          "before_smoke_check": {
            "official_word_volu": 12.675854148722365,
            "simulator_word_volu": 12.675854148722365,
            "word_volu_gap": 0.0,
            "official_posi_prom": 13.135797844565522,
            "simulator_posi_prom": 13.135797844565522,
            "posi_prom_gap": 0.0,
            "official_word_posi": 12.979511895788026,
            "simulator_word_posi": 12.979511895788026,
            "word_posi_gap": 0.0,
            "official_ai": 87.57142857142857,
            "simulator_ai": 85.85714285714286,
            "ai_gap": -1.7142857142857082,
            "official_total": 50.275470233608296,
            "simulator_total": 49.41832737646544,
            "total_gap": -0.8571428571428541
          }
        },
        {
          "item_id": "simulator_item_ds9",
          "before_total": 37.96917120814821,
          "after_total": 71.70348331519561,
          "delta": 33.7343121070474,
          "objective_delta": 43.7543384998091,
          "ai_delta": 23.714285714285708,
          "provided_before_visibility": {
            "word_volu": 4.184100418410042,
            "posi_prom": 4.36054011208754,
            "word_posi": 4.081199559153558,
            "rele": 88.0,
            "infl": 93.0,
            "div": 62.0,
            "uniq": 86.0,
            "clic": 78.0,
            "subj_posi": 64.0,
            "subj_volu": 58.0,
            "aver_subj": 75.57142857142857,
            "final_score": 39.826314065291065
          },
          "before_smoke_check": {
            "official_word_volu": 4.184100418410042,
            "simulator_word_volu": 4.184100418410042,
            "word_volu_gap": 0.0,
            "official_posi_prom": 4.36054011208754,
            "simulator_posi_prom": 4.36054011208754,
            "posi_prom_gap": 0.0,
            "official_word_posi": 4.081199559153558,
            "simulator_word_posi": 4.081199559153558,
            "word_posi_gap": 0.0,
            "official_ai": 75.57142857142857,
            "simulator_ai": 71.85714285714286,
            "ai_gap": -3.714285714285708,
            "official_total": 39.826314065291065,
            "simulator_total": 37.96917120814821,
            "total_gap": -1.857142857142854
          }
        },
        {
          "item_id": "simulator_item_ds10",
          "before_total": 39.168110415486964,
          "after_total": 63.41436028270425,
          "delta": 24.246249867217287,
          "objective_delta": 26.492499734434574,
          "ai_delta": 22.0,
          "provided_before_visibility": {
            "word_volu": 6.584821428571429,
            "posi_prom": 6.697547539411702,
            "word_posi": 6.336220830973935,
            "rele": 92.0,
            "infl": 88.0,
            "div": 74.0,
            "uniq": 90.0,
            "clic": 83.0,
            "subj_posi": 72.0,
            "subj_volu": 58.0,
            "aver_subj": 79.57142857142857,
            "final_score": 42.95382470120125
          },
          "before_smoke_check": {
            "official_word_volu": 6.584821428571429,
            "simulator_word_volu": 6.584821428571429,
            "word_volu_gap": 0.0,
            "official_posi_prom": 6.697547539411702,
            "simulator_posi_prom": 6.697547539411702,
            "posi_prom_gap": 0.0,
            "official_word_posi": 6.336220830973935,
            "simulator_word_posi": 6.336220830973935,
            "word_posi_gap": 0.0,
            "official_ai": 79.57142857142857,
            "simulator_ai": 72.0,
            "ai_gap": -7.571428571428569,
            "official_total": 42.95382470120125,
            "simulator_total": 39.168110415486964,
            "total_gap": -3.7857142857142847
          }
        },
        {
          "item_id": "simulator_item_ds12",
          "before_total": 50.42934128200615,
          "after_total": 70.57855399239094,
          "delta": 20.149212710384788,
          "objective_delta": 25.29842542076959,
          "ai_delta": 15.0,
          "provided_before_visibility": {
            "word_volu": 17.852522639068564,
            "posi_prom": 17.019304384150384,
            "word_posi": 19.001539706869437,
            "rele": 95.0,
            "infl": 88.0,
            "div": 62.0,
            "uniq": 76.0,
            "clic": 82.0,
            "subj_posi": 90.0,
            "subj_volu": 78.0,
            "aver_subj": 81.57142857142857,
            "final_score": 50.286484139149
          },
          "before_smoke_check": {
            "official_word_volu": 17.852522639068564,
            "simulator_word_volu": 17.852522639068564,
            "word_volu_gap": 0.0,
            "official_posi_prom": 17.019304384150384,
            "simulator_posi_prom": 17.019304384150384,
            "posi_prom_gap": 0.0,
            "official_word_posi": 19.001539706869437,
            "simulator_word_posi": 19.001539706869437,
            "word_posi_gap": 0.0,
            "official_ai": 81.57142857142857,
            "simulator_ai": 81.85714285714286,
            "ai_gap": 0.2857142857142918,
            "official_total": 50.286484139149,
            "simulator_total": 50.42934128200615,
            "total_gap": 0.1428571428571459
          }
        }
      ]
    },
    {
      "variant": "after_rebuttal",
      "file": "after_rebuttal.md",
      "count": 4,
      "avg_before_total": 44.24623757052669,
      "avg_after_total": 71.79880733417788,
      "avg_delta": 27.552569763651192,
      "avg_objective_delta": 36.71228238444524,
      "avg_ai_delta": 18.39285714285714,
      "win_rate": 100.0,
      "item_results": [
        {
          "item_id": "simulator_item_ds3",
          "before_total": 49.41832737646544,
          "after_total": 54.11710526585248,
          "delta": 4.698777889387038,
          "objective_delta": -0.745301364083069,
          "ai_delta": 10.142857142857139,
          "provided_before_visibility": {
            "word_volu": 12.675854148722365,
            "posi_prom": 13.135797844565522,
            "word_posi": 12.979511895788026,
            "rele": 95.0,
            "infl": 93.0,
            "div": 85.0,
            "uniq": 82.0,
            "clic": 88.0,
            "subj_posi": 84.0,
            "subj_volu": 86.0,
            "aver_subj": 87.57142857142857,
            "final_score": 50.275470233608296
          },
          "before_smoke_check": {
            "official_word_volu": 12.675854148722365,
            "simulator_word_volu": 12.675854148722365,
            "word_volu_gap": 0.0,
            "official_posi_prom": 13.135797844565522,
            "simulator_posi_prom": 13.135797844565522,
            "posi_prom_gap": 0.0,
            "official_word_posi": 12.979511895788026,
            "simulator_word_posi": 12.979511895788026,
            "word_posi_gap": 0.0,