{
  "datasets": [
    101,
    102,
    103
  ],
  "variants": [
    {
      "variant": "after_rebuttal_compact",
      "file": "after_rebuttal_compact.md",
      "count": 3,
      "avg_before_total": 31.326565065342525,
      "avg_after_total": 60.76577136961098,
      "avg_delta": 29.439206304268463,
      "avg_objective_delta": 20.545079275203594,
      "avg_ai_delta": 38.333333333333336,
      "win_rate": 100.0,
      "item_results": [
        {
          "item_id": "simulator_item_ds101",
          "before_total": 51.18112167230303,
          "after_total": 71.2789374581449,
          "delta": 20.097815785841867,
          "objective_delta": 34.90991728596946,
          "ai_delta": 5.285714285714278,
          "provided_before_visibility": {
            "word_volu": 16.672347193819586,
            "posi_prom": 10.235988050128862,
            "word_posi": 14.076529058891765,
            "rele": 95.0,
            "infl": 91.0,
            "div": 86.0,
            "uniq": 90.0,
            "clic": 88.0,
            "subj_posi": 93.0,
            "subj_volu": 89.0,
            "aver_subj": 90.28571428571429,
            "final_score": 52.18112167230303
          },
          "before_smoke_check": {
            "official_word_volu": 16.672347193819586,
            "simulator_word_volu": 16.672347193819586,
            "word_volu_gap": 0.0,
            "official_posi_prom": 10.235988050128862,
            "simulator_posi_prom": 10.235988050128862,
            "posi_prom_gap": 0.0,
            "official_word_posi": 14.076529058891765,
            "simulator_word_posi": 14.076529058891765,
            "word_posi_gap": 0.0,
            "official_ai": 90.28571428571429,
            "simulator_ai": 88.28571428571429,
            "ai_gap": -2.0,
            "official_total": 52.18112167230303,
            "simulator_total": 51.18112167230303,
            "total_gap": -1.0
          }
        },
        {
          "item_id": "simulator_item_ds102",
          "before_total": 0.7857142857142857,
          "after_total": 52.31755612341122,
          "delta": 51.53184183769694,
          "objective_delta": 13.063683675393879,
          "ai_delta": 90.0,
          "provided_before_visibility": {
            "word_volu": 0.0,
            "posi_prom": 0.0,
            "word_posi": 0.0,
            "rele": 12.0,
            "infl": 8.0,
            "div": 6.0,
            "uniq": 5.0,
            "clic": 3.0,
            "subj_posi": 0.0,
            "subj_volu": 0.0,
            "aver_subj": 4.857142857142857,
            "final_score": 2.4285714285714284
          },
          "before_smoke_check": {
            "official_word_volu": 0.0,
            "simulator_word_volu": 0.0,
            "word_volu_gap": 0.0,
            "official_posi_prom": 0.0,
            "simulator_posi_prom": 0.0,
            "posi_prom_gap": 0.0,
            "official_word_posi": 0.0,
            "simulator_word_posi": 0.0,
            "word_posi_gap": 0.0,
            "official_ai": 4.857142857142857,
            "simulator_ai": 1.5714285714285714,
            "ai_gap": -3.2857142857142856,
            "official_total": 2.4285714285714284,
            "simulator_total": 0.7857142857142857,
            "total_gap": -1.6428571428571428
          }
        },
        {
          "item_id": "simulator_item_ds103",
          "before_total": 42.01285923801026,
          "after_total": 58.70082052727684,
          "delta": 16.687961289266582,
          "objective_delta": 13.661636864247445,
          "ai_delta": 19.714285714285722,
          "provided_before_visibility": {
            "word_volu": 8.172043010752688,
            "posi_prom": 6.933519847740175,
            "word_posi": 8.311432761734807,
            "rele": 88.0,
            "infl": 92.0,
            "div": 74.0,
            "uniq": 70.0,
            "clic": 78.0,
            "subj_posi": 84.0,
            "subj_volu": 80.0,
            "aver_subj": 80.85714285714286,
            "final_score": 44.584287809438834
          },
          "before_smoke_check": {
            "official_word_volu": 8.172043010752688,
            "simulator_word_volu": 8.172043010752688,
            "word_volu_gap": 0.0,
            "official_posi_prom": 6.933519847740175,
            "simulator_posi_prom": 6.933519847740175,
            "posi_prom_gap": 0.0,
            "official_word_posi": 8.311432761734807,
            "simulator_word_posi": 8.311432761734807,
            "word_posi_gap": 0.0,
            "official_ai": 80.85714285714286,
            "simulator_ai": 75.71428571428571,
            "ai_gap": -5.142857142857153,
            "official_total": 44.584287809438834,
            "simulator_total": 42.01285923801026,
            "total_gap": -2.5714285714285765
          }
        }
      ]
    },
    {
      "variant": "after_rebuttal",
      "file": "after_rebuttal.md",
      "count": 3,
      "avg_before_total": 31.326565065342525,
      "avg_after_total": 63.268220523592284,
      "avg_delta": 31.941655458249766,
      "avg_objective_delta": 24.597596630785244,
      "avg_ai_delta": 39.285714285714285,
      "win_rate": 100.0,
      "item_results": [
        {
          "item_id": "simulator_item_ds101",
          "before_total": 51.18112167230303,
          "after_total": 63.63698029381354,
          "delta": 12.455858621510508,
          "objective_delta": 19.4831458144496,
          "ai_delta": 5.428571428571416,
          "provided_before_visibility": {
            "word_volu": 16.672347193819586,
            "posi_prom": 10.235988050128862,
            "word_posi": 14.076529058891765,
            "rele": 95.0,
            "infl": 91.0,
            "div": 86.0,
            "uniq": 90.0,
            "clic": 88.0,
            "subj_posi": 93.0,
            "subj_volu": 89.0,
            "aver_subj": 90.28571428571429,
            "final_score": 52.18112167230303
          },
          "before_smoke_check": {
            "official_word_volu": 16.672347193819586,
            "simulator_word_volu": 16.672347193819586,
            "word_volu_gap": 0.0,
            "official_posi_prom": 10.235988050128862,
            "simulator_posi_prom": 10.235988050128862,
            "posi_prom_gap": 0.0,
            "official_word_posi": 14.076529058891765,
            "simulator_word_posi": 14.076529058891765,
            "word_posi_gap": 0.0,
            "official_ai": 90.28571428571429,
            "simulator_ai": 88.28571428571429,
            "ai_gap": -2.0,
            "official_total": 52.18112167230303,
            "simulator_total": 51.18112167230303,
            "total_gap": -1.0
          }
        },
        {
          "item_id": "simulator_item_ds102",
          "before_total": 0.7857142857142857,
          "after_total": 57.53262208484537,
          "delta": 56.74690779913109,
          "objective_delta": 21.350958455405028,
          "ai_delta": 92.14285714285714,
          "provided_before_visibility": {
            "word_volu": 0.0,
            "posi_prom": 0.0,
            "word_posi": 0.0,
            "rele": 12.0,
            "infl": 8.0,
            "div": 6.0,
            "uniq": 5.0,
            "clic": 3.0,
            "subj_posi": 0.0,
            "subj_volu": 0.0,
            "aver_subj": 4.857142857142857,
            "final_score": 2.4285714285714284
          },
          "before_smoke_check": {
            "official_word_volu": 0.0,
            "simulator_word_volu": 0.0,
            "word_volu_gap": 0.0,
            "official_posi_prom": 0.0,
            "simulator_posi_prom": 0.0,
            "posi_prom_gap": 0.0,
            "official_word_posi": 0.0,
            "simulator_word_posi": 0.0,
            "word_posi_gap": 0.0,
            "official_ai": 4.857142857142857,
            "simulator_ai": 1.5714285714285714,
            "ai_gap": -3.2857142857142856,
            "official_total": 2.4285714285714284,
            "simulator_total": 0.7857142857142857,