{
  "datasets": [
    3,
    9,
    10,
    12
  ],
  "variants": [
    {
      "variant": "after_nozws",
      "file": "after_nozws.md",
      "count": 4,
      "avg_before_total": 44.65695185624098,
      "avg_after_total": 43.81836271466322,
      "avg_delta": -0.8385891415777582,
      "avg_objective_delta": 15.75139314541591,
      "avg_ai_delta": -17.428571428571434,
      "win_rate": 50.0,
      "item_results": [
        {
          "item_id": "simulator_item_ds3",
          "before_total": 49.13261309075116,
          "after_total": 60.54978833495593,
          "delta": 11.41717524420477,
          "objective_delta": 15.691493345552399,
          "ai_delta": 7.142857142857139,
          "provided_before_visibility": {
            "word_volu": 12.675854148722365,
            "posi_prom": 13.135797844565522,
            "word_posi": 12.979511895788026,
            "rele": 95.0,
            "infl": 93.0,
            "div": 85.0,
            "uniq": 82.0,
            "clic": 88.0,
            "subj_posi": 84.0,
            "subj_volu": 86.0,
            "aver_subj": 87.57142857142857,
            "final_score": 50.275470233608296
          },
          "before_smoke_check": {
            "official_word_volu": 12.675854148722365,
            "simulator_word_volu": 12.675854148722365,
            "word_volu_gap": 0.0,
            "official_posi_prom": 13.135797844565522,
            "simulator_posi_prom": 13.135797844565522,
            "posi_prom_gap": 0.0,
            "official_word_posi": 12.979511895788026,
            "simulator_word_posi": 12.979511895788026,
            "word_posi_gap": 0.0,
            "official_ai": 87.57142857142857,
            "simulator_ai": 85.28571428571429,
            "ai_gap": -2.2857142857142776,
            "official_total": 50.275470233608296,
            "simulator_total": 49.13261309075116,
            "total_gap": -1.1428571428571388
          }
        },
        {
          "item_id": "simulator_item_ds9",
          "before_total": 40.683456922433926,
          "after_total": 2.2857142857142856,
          "delta": -38.39774263671964,
          "objective_delta": -4.081199559153558,
          "ai_delta": -72.71428571428572,
          "provided_before_visibility": {
            "word_volu": 4.184100418410042,
            "posi_prom": 4.36054011208754,
            "word_posi": 4.081199559153558,
            "rele": 88.0,
            "infl": 93.0,
            "div": 62.0,
            "uniq": 86.0,
            "clic": 78.0,
            "subj_posi": 64.0,
            "subj_volu": 58.0,
            "aver_subj": 75.57142857142857,
            "final_score": 39.826314065291065
          },
          "before_smoke_check": {
            "official_word_volu": 4.184100418410042,
            "simulator_word_volu": 4.184100418410042,
            "word_volu_gap": 0.0,
            "official_posi_prom": 4.36054011208754,
            "simulator_posi_prom": 4.36054011208754,
            "posi_prom_gap": 0.0,
            "official_word_posi": 4.081199559153558,
            "simulator_word_posi": 4.081199559153558,
            "word_posi_gap": 0.0,
            "official_ai": 75.57142857142857,
            "simulator_ai": 77.28571428571429,
            "ai_gap": 1.7142857142857224,
            "official_total": 39.826314065291065,
            "simulator_total": 40.683456922433926,
            "total_gap": 0.8571428571428612
          }
        },
        {
          "item_id": "simulator_item_ds10",
          "before_total": 36.81096755834411,
          "after_total": 33.77993762288561,
          "delta": -3.0310299354584984,
          "objective_delta": 8.652225843368711,
          "ai_delta": -14.714285714285722,
          "provided_before_visibility": {
            "word_volu": 6.584821428571429,
            "posi_prom": 6.697547539411702,
            "word_posi": 6.336220830973935,
            "rele": 92.0,
            "infl": 88.0,
            "div": 74.0,
            "uniq": 90.0,
            "clic": 83.0,
            "subj_posi": 72.0,
            "subj_volu": 58.0,
            "aver_subj": 79.57142857142857,
            "final_score": 42.95382470120125
          },
          "before_smoke_check": {
            "official_word_volu": 6.584821428571429,
            "simulator_word_volu": 6.584821428571429,
            "word_volu_gap": 0.0,
            "official_posi_prom": 6.697547539411702,
            "simulator_posi_prom": 6.697547539411702,
            "posi_prom_gap": 0.0,
            "official_word_posi": 6.336220830973935,
            "simulator_word_posi": 6.336220830973935,
            "word_posi_gap": 0.0,
            "official_ai": 79.57142857142857,
            "simulator_ai": 67.28571428571429,
            "ai_gap": -12.285714285714278,
            "official_total": 42.95382470120125,
            "simulator_total": 36.81096755834411,
            "total_gap": -6.142857142857139
          }
        },
        {
          "item_id": "simulator_item_ds12",
          "before_total": 52.00076985343472,
          "after_total": 78.65801061509706,
          "delta": 26.657240761662337,
          "objective_delta": 42.74305295189609,
          "ai_delta": 10.57142857142857,
          "provided_before_visibility": {
            "word_volu": 17.852522639068564,
            "posi_prom": 17.019304384150384,
            "word_posi": 19.001539706869437,
            "rele": 95.0,
            "infl": 88.0,
            "div": 62.0,
            "uniq": 76.0,
            "clic": 82.0,
            "subj_posi": 90.0,
            "subj_volu": 78.0,
            "aver_subj": 81.57142857142857,
            "final_score": 50.286484139149
          },
          "before_smoke_check": {
            "official_word_volu": 17.852522639068564,
            "simulator_word_volu": 17.852522639068564,
            "word_volu_gap": 0.0,
            "official_posi_prom": 17.019304384150384,
            "simulator_posi_prom": 17.019304384150384,
            "posi_prom_gap": 0.0,
            "official_word_posi": 19.001539706869437,
            "simulator_word_posi": 19.001539706869437,
            "word_posi_gap": 0.0,
            "official_ai": 81.57142857142857,
            "simulator_ai": 85.0,
            "ai_gap": 3.4285714285714306,
            "official_total": 50.286484139149,
            "simulator_total": 52.00076985343472,
            "total_gap": 1.7142857142857153
          }
        }
      ]
    },
    {
      "variant": "after_dimensions",
      "file": "after_dimensions.md",
      "count": 4,
      "avg_before_total": 44.65695185624098,
      "avg_after_total": 73.31901692287147,
      "avg_delta": 28.66206506663049,
      "avg_objective_delta": 40.002701561832424,
      "avg_ai_delta": 17.321428571428566,
      "win_rate": 100.0,
      "item_results": [
        {
          "item_id": "simulator_item_ds3",
          "before_total": 49.13261309075116,
          "after_total": 62.50554196828715,
          "delta": 13.37292887753599,
          "objective_delta": 17.031572040786266,
          "ai_delta": 9.714285714285708,
          "provided_before_visibility": {
            "word_volu": 12.675854148722365,
            "posi_prom": 13.135797844565522,
            "word_posi": 12.979511895788026,
            "rele": 95.0,
            "infl": 93.0,
            "div": 85.0,
            "uniq": 82.0,
            "clic": 88.0,
            "subj_posi": 84.0,
            "subj_volu": 86.0,
            "aver_subj": 87.57142857142857,
            "final_score": 50.275470233608296
          },
          "before_smoke_check": {
            "official_word_volu": 12.675854148722365,
            "simulator_word_volu": 12.675854148722365,
            "word_volu_gap": 0.0,
            "official_posi_prom": 13.135797844565522,
            "simulator_posi_prom": 13.135797844565522,
            "posi_prom_gap": 0.0,
            "official_word_posi": 12.979511895788026,
            "simulator_word_posi": 12.979511895788026,