{
  "datasets": [
    3,
    9,
    10,
    12
  ],
  "variants": [
    {
      "variant": "after_rebuttal_compact",
      "file": "after_rebuttal_compact.md",
      "count": 4,
      "avg_before_total": 44.5855232848124,
      "avg_after_total": 59.824660168858564,
      "avg_delta": 15.239136884046161,
      "avg_objective_delta": 15.692559482378034,
      "avg_ai_delta": 14.785714285714285,
      "win_rate": 100.0,
      "item_results": [
        {
          "item_id": "simulator_item_ds3",
          "before_total": 48.346898805036865,
          "after_total": 49.98627381123438,
          "delta": 1.6393750061975183,
          "objective_delta": -6.149821416176402,
          "ai_delta": 9.42857142857143,
          "provided_before_visibility": {
            "word_volu": 12.675854148722365,
            "posi_prom": 13.135797844565522,
            "word_posi": 12.979511895788026,
            "rele": 95.0,
            "infl": 93.0,
            "div": 85.0,
            "uniq": 82.0,
            "clic": 88.0,
            "subj_posi": 84.0,
            "subj_volu": 86.0,
            "aver_subj": 87.57142857142857,
            "final_score": 50.275470233608296
          },
          "before_smoke_check": {
            "official_word_volu": 12.675854148722365,
            "simulator_word_volu": 12.675854148722365,
            "word_volu_gap": 0.0,
            "official_posi_prom": 13.135797844565522,
            "simulator_posi_prom": 13.135797844565522,
            "posi_prom_gap": 0.0,
            "official_word_posi": 12.979511895788026,
            "simulator_word_posi": 12.979511895788026,
            "word_posi_gap": 0.0,
            "official_ai": 87.57142857142857,
            "simulator_ai": 83.71428571428571,
            "ai_gap": -3.857142857142861,
            "official_total": 50.275470233608296,
            "simulator_total": 48.346898805036865,
            "total_gap": -1.9285714285714306
          }
        },
        {
          "item_id": "simulator_item_ds9",
          "before_total": 40.754885493862496,
          "after_total": 52.057940599205835,
          "delta": 11.30305510534334,
          "objective_delta": 9.320395924972402,
          "ai_delta": 13.285714285714278,
          "provided_before_visibility": {
            "word_volu": 4.184100418410042,
            "posi_prom": 4.36054011208754,
            "word_posi": 4.081199559153558,
            "rele": 88.0,
            "infl": 93.0,
            "div": 62.0,
            "uniq": 86.0,
            "clic": 78.0,
            "subj_posi": 64.0,
            "subj_volu": 58.0,
            "aver_subj": 75.57142857142857,
            "final_score": 39.826314065291065
          },
          "before_smoke_check": {
            "official_word_volu": 4.184100418410042,
            "simulator_word_volu": 4.184100418410042,
            "word_volu_gap": 0.0,
            "official_posi_prom": 4.36054011208754,
            "simulator_posi_prom": 4.36054011208754,
            "posi_prom_gap": 0.0,
            "official_word_posi": 4.081199559153558,
            "simulator_word_posi": 4.081199559153558,
            "word_posi_gap": 0.0,
            "official_ai": 75.57142857142857,
            "simulator_ai": 77.42857142857143,
            "ai_gap": 1.8571428571428612,
            "official_total": 39.826314065291065,
            "simulator_total": 40.754885493862496,
            "total_gap": 0.9285714285714306
          }
        },
        {
          "item_id": "simulator_item_ds10",
          "before_total": 36.81096755834411,
          "after_total": 62.08666984818395,
          "delta": 25.275702289839842,
          "objective_delta": 23.551404579679676,
          "ai_delta": 27.0,
          "provided_before_visibility": {
            "word_volu": 6.584821428571429,
            "posi_prom": 6.697547539411702,
            "word_posi": 6.336220830973935,
            "rele": 92.0,
            "infl": 88.0,
            "div": 74.0,
            "uniq": 90.0,
            "clic": 83.0,
            "subj_posi": 72.0,
            "subj_volu": 58.0,
            "aver_subj": 79.57142857142857,
            "final_score": 42.95382470120125
          },
          "before_smoke_check": {
            "official_word_volu": 6.584821428571429,
            "simulator_word_volu": 6.584821428571429,
            "word_volu_gap": 0.0,
            "official_posi_prom": 6.697547539411702,
            "simulator_posi_prom": 6.697547539411702,
            "posi_prom_gap": 0.0,
            "official_word_posi": 6.336220830973935,
            "simulator_word_posi": 6.336220830973935,
            "word_posi_gap": 0.0,
            "official_ai": 79.57142857142857,
            "simulator_ai": 67.28571428571429,
            "ai_gap": -12.285714285714278,
            "official_total": 42.95382470120125,
            "simulator_total": 36.81096755834411,
            "total_gap": -6.142857142857139
          }
        },
        {
          "item_id": "simulator_item_ds12",
          "before_total": 52.42934128200615,
          "after_total": 75.1677564168101,
          "delta": 22.738415134803944,
          "objective_delta": 36.04825884103646,
          "ai_delta": 9.42857142857143,
          "provided_before_visibility": {
            "word_volu": 17.852522639068564,
            "posi_prom": 17.019304384150384,
            "word_posi": 19.001539706869437,
            "rele": 95.0,
            "infl": 88.0,
            "div": 62.0,
            "uniq": 76.0,
            "clic": 82.0,
            "subj_posi": 90.0,
            "subj_volu": 78.0,
            "aver_subj": 81.57142857142857,
            "final_score": 50.286484139149
          },
          "before_smoke_check": {
            "official_word_volu": 17.852522639068564,
            "simulator_word_volu": 17.852522639068564,
            "word_volu_gap": 0.0,
            "official_posi_prom": 17.019304384150384,
            "simulator_posi_prom": 17.019304384150384,
            "posi_prom_gap": 0.0,
            "official_word_posi": 19.001539706869437,
            "simulator_word_posi": 19.001539706869437,
            "word_posi_gap": 0.0,
            "official_ai": 81.57142857142857,
            "simulator_ai": 85.85714285714286,
            "ai_gap": 4.285714285714292,
            "official_total": 50.286484139149,
            "simulator_total": 52.42934128200615,
            "total_gap": 2.142857142857146
          }
        }
      ]
    },
    {
      "variant": "after_rebuttal",
      "file": "after_rebuttal.md",
      "count": 4,
      "avg_before_total": 44.5855232848124,
      "avg_after_total": 70.95109256611869,
      "avg_delta": 26.365569281306286,
      "avg_objective_delta": 35.409709991184,
      "avg_ai_delta": 17.321428571428566,
      "win_rate": 100.0,
      "item_results": [
        {
          "item_id": "simulator_item_ds3",
          "before_total": 48.346898805036865,
          "after_total": 61.93617951934477,
          "delta": 13.589280714307904,
          "objective_delta": 14.1785614286158,
          "ai_delta": 13.0,
          "provided_before_visibility": {
            "word_volu": 12.675854148722365,
            "posi_prom": 13.135797844565522,
            "word_posi": 12.979511895788026,
            "rele": 95.0,
            "infl": 93.0,
            "div": 85.0,
            "uniq": 82.0,
            "clic": 88.0,
            "subj_posi": 84.0,
            "subj_volu": 86.0,
            "aver_subj": 87.57142857142857,
            "final_score": 50.275470233608296
          },
          "before_smoke_check": {
            "official_word_volu": 12.675854148722365,
            "simulator_word_volu": 12.675854148722365,
            "word_volu_gap": 0.0,
            "official_posi_prom": 13.135797844565522,
            "simulator_posi_prom": 13.135797844565522,
            "posi_prom_gap": 0.0,
            "official_word_posi": 12.979511895788026,
            "simulator_word_posi": 12.979511895788026,
            "word_posi_gap": 0.0,