{
  "datasets": [
    101,
    102,
    103
  ],
  "variants": [
    {
      "variant": "after_rebuttal",
      "file": "after_rebuttal.md",
      "count": 3,
      "avg_before_total": 32.802755541532996,
      "avg_after_total": 60.60611415749142,
      "avg_delta": 27.803358615958416,
      "avg_objective_delta": 18.654336279535883,
      "avg_ai_delta": 36.952380952380956,
      "win_rate": 100.0,
      "item_results": [
        {
          "item_id": "simulator_item_ds101",
          "before_total": 51.10969310087445,
          "after_total": 59.3376518670603,
          "delta": 8.22795876618585,
          "objective_delta": 10.884488960943123,
          "ai_delta": 5.571428571428569,
          "provided_before_visibility": {
            "word_volu": 16.672347193819586,
            "posi_prom": 10.235988050128862,
            "word_posi": 14.076529058891765,
            "rele": 95.0,
            "infl": 91.0,
            "div": 86.0,
            "uniq": 90.0,
            "clic": 88.0,
            "subj_posi": 93.0,
            "subj_volu": 89.0,
            "aver_subj": 90.28571428571429,
            "final_score": 52.18112167230303
          },
          "before_smoke_check": {
            "official_word_volu": 16.672347193819586,
            "simulator_word_volu": 16.672347193819586,
            "word_volu_gap": 0.0,
            "official_posi_prom": 10.235988050128862,
            "simulator_posi_prom": 10.235988050128862,
            "posi_prom_gap": 0.0,
            "official_word_posi": 14.076529058891765,
            "simulator_word_posi": 14.076529058891765,
            "word_posi_gap": 0.0,
            "official_ai": 90.28571428571429,
            "simulator_ai": 88.14285714285714,
            "ai_gap": -2.142857142857153,
            "official_total": 52.18112167230303,
            "simulator_total": 51.10969310087445,
            "total_gap": -1.0714285714285765
          }
        },
        {
          "item_id": "simulator_item_ds102",
          "before_total": 1.8571428571428572,
          "after_total": 57.50204361189143,
          "delta": 55.644900754748576,
          "objective_delta": 19.432658652354295,
          "ai_delta": 91.85714285714286,
          "provided_before_visibility": {
            "word_volu": 0.0,
            "posi_prom": 0.0,
            "word_posi": 0.0,
            "rele": 12.0,
            "infl": 8.0,
            "div": 6.0,
            "uniq": 5.0,
            "clic": 3.0,
            "subj_posi": 0.0,
            "subj_volu": 0.0,
            "aver_subj": 4.857142857142857,
            "final_score": 2.4285714285714284
          },
          "before_smoke_check": {
            "official_word_volu": 0.0,
            "simulator_word_volu": 0.0,
            "word_volu_gap": 0.0,
            "official_posi_prom": 0.0,
            "simulator_posi_prom": 0.0,
            "posi_prom_gap": 0.0,
            "official_word_posi": 0.0,
            "simulator_word_posi": 0.0,
            "word_posi_gap": 0.0,
            "official_ai": 4.857142857142857,
            "simulator_ai": 3.7142857142857144,
            "ai_gap": -1.1428571428571423,
            "official_total": 2.4285714285714284,
            "simulator_total": 1.8571428571428572,
            "total_gap": -0.5714285714285712
          }
        },
        {
          "item_id": "simulator_item_ds103",
          "before_total": 45.44143066658169,
          "after_total": 64.97864699352252,
          "delta": 19.53721632694083,
          "objective_delta": 25.645861225310227,
          "ai_delta": 13.42857142857143,
          "provided_before_visibility": {
            "word_volu": 8.172043010752688,
            "posi_prom": 6.933519847740175,
            "word_posi": 8.311432761734807,
            "rele": 88.0,
            "infl": 92.0,
            "div": 74.0,
            "uniq": 70.0,
            "clic": 78.0,
            "subj_posi": 84.0,
            "subj_volu": 80.0,
            "aver_subj": 80.85714285714286,
            "final_score": 44.584287809438834
          },
          "before_smoke_check": {
            "official_word_volu": 8.172043010752688,
            "simulator_word_volu": 8.172043010752688,
            "word_volu_gap": 0.0,
            "official_posi_prom": 6.933519847740175,
            "simulator_posi_prom": 6.933519847740175,
            "posi_prom_gap": 0.0,
            "official_word_posi": 8.311432761734807,
            "simulator_word_posi": 8.311432761734807,
            "word_posi_gap": 0.0,
            "official_ai": 80.85714285714286,
            "simulator_ai": 82.57142857142857,
            "ai_gap": 1.7142857142857082,
            "official_total": 44.584287809438834,
            "simulator_total": 45.44143066658169,
            "total_gap": 0.8571428571428541
          }
        }
      ]
    },
    {
      "variant": "after_rebuttal_extended",
      "file": "after_rebuttal_extended.md",
      "count": 3,
      "avg_before_total": 32.802755541532996,
      "avg_after_total": 60.45069669850486,
      "avg_delta": 27.647941156971864,
      "avg_objective_delta": 20.724453742515152,
      "avg_ai_delta": 34.57142857142858,
      "win_rate": 100.0,
      "item_results": [
        {
          "item_id": "simulator_item_ds101",
          "before_total": 51.10969310087445,
          "after_total": 72.16396945485127,
          "delta": 21.054276353976817,
          "objective_delta": 36.10855270795362,
          "ai_delta": 6.0,
          "provided_before_visibility": {
            "word_volu": 16.672347193819586,
            "posi_prom": 10.235988050128862,
            "word_posi": 14.076529058891765,
            "rele": 95.0,
            "infl": 91.0,
            "div": 86.0,
            "uniq": 90.0,
            "clic": 88.0,
            "subj_posi": 93.0,
            "subj_volu": 89.0,
            "aver_subj": 90.28571428571429,
            "final_score": 52.18112167230303
          },
          "before_smoke_check": {
            "official_word_volu": 16.672347193819586,
            "simulator_word_volu": 16.672347193819586,
            "word_volu_gap": 0.0,
            "official_posi_prom": 10.235988050128862,
            "simulator_posi_prom": 10.235988050128862,
            "posi_prom_gap": 0.0,
            "official_word_posi": 14.076529058891765,
            "simulator_word_posi": 14.076529058891765,
            "word_posi_gap": 0.0,
            "official_ai": 90.28571428571429,
            "simulator_ai": 88.14285714285714,
            "ai_gap": -2.142857142857153,
            "official_total": 52.18112167230303,
            "simulator_total": 51.10969310087445,
            "total_gap": -1.0714285714285765
          }
        },
        {
          "item_id": "simulator_item_ds102",
          "before_total": 1.8571428571428572,
          "after_total": 61.64473941966731,
          "delta": 59.787596562524456,
          "objective_delta": 27.43233598219176,
          "ai_delta": 92.14285714285715,
          "provided_before_visibility": {
            "word_volu": 0.0,
            "posi_prom": 0.0,
            "word_posi": 0.0,
            "rele": 12.0,
            "infl": 8.0,
            "div": 6.0,
            "uniq": 5.0,
            "clic": 3.0,
            "subj_posi": 0.0,
            "subj_volu": 0.0,
            "aver_subj": 4.857142857142857,
            "final_score": 2.4285714285714284
          },
          "before_smoke_check": {
            "official_word_volu": 0.0,
            "simulator_word_volu": 0.0,
            "word_volu_gap": 0.0,
            "official_posi_prom": 0.0,
            "simulator_posi_prom": 0.0,
            "posi_prom_gap": 0.0,
            "official_word_posi": 0.0,
            "simulator_word_posi": 0.0,
            "word_posi_gap": 0.0,
            "official_ai": 4.857142857142857,
            "simulator_ai": 3.7142857142857144,
            "ai_gap": -1.1428571428571423,
            "official_total": 2.4285714285714284,
            "simulator_total": 1.8571428571428572,