{
  "datasets": [
    103
  ],
  "variants": [
    {
      "variant": "after_rebuttal",
      "file": "after_rebuttal.md",
      "count": 1,
      "avg_before_total": 44.51285923801026,
      "avg_after_total": 67.79066842738325,
      "avg_delta": 23.277809189372995,
      "avg_objective_delta": 34.41276123588883,
      "avg_ai_delta": 12.142857142857153,
      "win_rate": 100.0,
      "item_results": [
        {
          "item_id": "simulator_item_ds103",
          "before_total": 44.51285923801026,
          "after_total": 67.79066842738325,
          "delta": 23.277809189372995,
          "objective_delta": 34.41276123588883,
          "ai_delta": 12.142857142857153,
          "provided_before_visibility": {
            "word_volu": 8.172043010752688,
            "posi_prom": 6.933519847740175,
            "word_posi": 8.311432761734807,
            "rele": 88.0,
            "infl": 92.0,
            "div": 74.0,
            "uniq": 70.0,
            "clic": 78.0,
            "subj_posi": 84.0,
            "subj_volu": 80.0,
            "aver_subj": 80.85714285714286,
            "final_score": 44.584287809438834
          },
          "before_smoke_check": {
            "official_word_volu": 8.172043010752688,
            "simulator_word_volu": 8.172043010752688,
            "word_volu_gap": 0.0,
            "official_posi_prom": 6.933519847740175,
            "simulator_posi_prom": 6.933519847740175,
            "posi_prom_gap": 0.0,
            "official_word_posi": 8.311432761734807,
            "simulator_word_posi": 8.311432761734807,
            "word_posi_gap": 0.0,
            "official_ai": 80.85714285714286,
            "simulator_ai": 80.71428571428571,
            "ai_gap": -0.142857142857153,
            "official_total": 44.584287809438834,
            "simulator_total": 44.51285923801026,
            "total_gap": -0.0714285714285765
          }
        }
      ]
    },
    {
      "variant": "after_rebuttal_extended",
      "file": "after_rebuttal_extended.md",
      "count": 1,
      "avg_before_total": 44.51285923801026,
      "avg_after_total": 40.224098901468736,
      "avg_delta": -4.288760336541522,
      "avg_objective_delta": -6.720377815940203,
      "avg_ai_delta": -1.857142857142847,
      "win_rate": 0.0,
      "item_results": [
        {
          "item_id": "simulator_item_ds103",
          "before_total": 44.51285923801026,
          "after_total": 40.224098901468736,
          "delta": -4.288760336541522,
          "objective_delta": -6.720377815940203,
          "ai_delta": -1.857142857142847,
          "provided_before_visibility": {
            "word_volu": 8.172043010752688,
            "posi_prom": 6.933519847740175,
            "word_posi": 8.311432761734807,
            "rele": 88.0,
            "infl": 92.0,
            "div": 74.0,
            "uniq": 70.0,
            "clic": 78.0,
            "subj_posi": 84.0,
            "subj_volu": 80.0,
            "aver_subj": 80.85714285714286,
            "final_score": 44.584287809438834
          },
          "before_smoke_check": {
            "official_word_volu": 8.172043010752688,
            "simulator_word_volu": 8.172043010752688,
            "word_volu_gap": 0.0,
            "official_posi_prom": 6.933519847740175,
            "simulator_posi_prom": 6.933519847740175,
            "posi_prom_gap": 0.0,
            "official_word_posi": 8.311432761734807,
            "simulator_word_posi": 8.311432761734807,
            "word_posi_gap": 0.0,
            "official_ai": 80.85714285714286,
            "simulator_ai": 80.71428571428571,
            "ai_gap": -0.142857142857153,
            "official_total": 44.584287809438834,
            "simulator_total": 44.51285923801026,
            "total_gap": -0.0714285714285765
          }
        }
      ]
    }
  ]
}