{
  "datasets": [
    101,
    102,
    103
  ],
  "variants": [
    {
      "variant": "after_rebuttal",
      "file": "after_rebuttal.md",
      "count": 3,
      "avg_before_total": 31.04085077962824,
      "avg_after_total": 40.32669663919458,
      "avg_delta": 9.285845859566344,
      "avg_objective_delta": 4.809786957227929,
      "avg_ai_delta": 13.76190476190476,
      "win_rate": 66.66666666666666,
      "item_results": [
        {
          "item_id": "simulator_item_ds101",
          "before_total": 51.46683595801731,
          "after_total": 61.266902232658644,
          "delta": 9.800066274641331,
          "objective_delta": 14.742989692139815,
          "ai_delta": 4.857142857142847,
          "provided_before_visibility": {
            "word_volu": 16.672347193819586,
            "posi_prom": 10.235988050128862,
            "word_posi": 14.076529058891765,
            "rele": 95.0,
            "infl": 91.0,
            "div": 86.0,
            "uniq": 90.0,
            "clic": 88.0,
            "subj_posi": 93.0,
            "subj_volu": 89.0,
            "aver_subj": 90.28571428571429,
            "final_score": 52.18112167230303
          },
          "before_smoke_check": {
            "official_word_volu": 16.672347193819586,
            "simulator_word_volu": 16.672347193819586,
            "word_volu_gap": 0.0,
            "official_posi_prom": 10.235988050128862,
            "simulator_posi_prom": 10.235988050128862,
            "posi_prom_gap": 0.0,
            "official_word_posi": 14.076529058891765,
            "simulator_word_posi": 14.076529058891765,
            "word_posi_gap": 0.0,
            "official_ai": 90.28571428571429,
            "simulator_ai": 88.85714285714286,
            "ai_gap": -1.4285714285714306,
            "official_total": 52.18112167230303,
            "simulator_total": 51.46683595801731,
            "total_gap": -0.7142857142857153
          }
        },
        {
          "item_id": "simulator_item_ds102",
          "before_total": 0.7857142857142857,
          "after_total": 50.28461625635367,
          "delta": 49.49890197063939,
          "objective_delta": 7.997803941278779,
          "ai_delta": 91.0,
          "provided_before_visibility": {
            "word_volu": 0.0,
            "posi_prom": 0.0,
            "word_posi": 0.0,
            "rele": 12.0,
            "infl": 8.0,
            "div": 6.0,
            "uniq": 5.0,
            "clic": 3.0,
            "subj_posi": 0.0,
            "subj_volu": 0.0,
            "aver_subj": 4.857142857142857,
            "final_score": 2.4285714285714284
          },
          "before_smoke_check": {
            "official_word_volu": 0.0,
            "simulator_word_volu": 0.0,
            "word_volu_gap": 0.0,
            "official_posi_prom": 0.0,
            "simulator_posi_prom": 0.0,
            "posi_prom_gap": 0.0,
            "official_word_posi": 0.0,
            "simulator_word_posi": 0.0,
            "word_posi_gap": 0.0,
            "official_ai": 4.857142857142857,
            "simulator_ai": 1.5714285714285714,
            "ai_gap": -3.2857142857142856,
            "official_total": 2.4285714285714284,
            "simulator_total": 0.7857142857142857,
            "total_gap": -1.6428571428571428
          }
        },
        {
          "item_id": "simulator_item_ds103",
          "before_total": 40.87000209515312,
          "after_total": 9.428571428571429,
          "delta": -31.441430666581688,
          "objective_delta": -8.311432761734807,
          "ai_delta": -54.57142857142857,
          "provided_before_visibility": {
            "word_volu": 8.172043010752688,
            "posi_prom": 6.933519847740175,
            "word_posi": 8.311432761734807,
            "rele": 88.0,
            "infl": 92.0,
            "div": 74.0,
            "uniq": 70.0,
            "clic": 78.0,
            "subj_posi": 84.0,
            "subj_volu": 80.0,
            "aver_subj": 80.85714285714286,
            "final_score": 44.584287809438834
          },
          "before_smoke_check": {
            "official_word_volu": 8.172043010752688,
            "simulator_word_volu": 8.172043010752688,
            "word_volu_gap": 0.0,
            "official_posi_prom": 6.933519847740175,
            "simulator_posi_prom": 6.933519847740175,
            "posi_prom_gap": 0.0,
            "official_word_posi": 8.311432761734807,
            "simulator_word_posi": 8.311432761734807,
            "word_posi_gap": 0.0,
            "official_ai": 80.85714285714286,
            "simulator_ai": 73.42857142857143,
            "ai_gap": -7.428571428571431,
            "official_total": 44.584287809438834,
            "simulator_total": 40.87000209515312,
            "total_gap": -3.7142857142857153
          }
        }
      ]
    },
    {
      "variant": "after_rebuttal_extended",
      "file": "after_rebuttal_extended.md",
      "count": 3,
      "avg_before_total": 31.04085077962824,
      "avg_after_total": 60.37475363690496,
      "avg_delta": 29.333902857276723,
      "avg_objective_delta": 18.763043809791544,
      "avg_ai_delta": 39.904761904761905,
      "win_rate": 100.0,
      "item_results": [
        {
          "item_id": "simulator_item_ds101",
          "before_total": 51.46683595801731,
          "after_total": 65.04349919542008,
          "delta": 13.57666323740277,
          "objective_delta": 21.581897903376962,
          "ai_delta": 5.571428571428569,
          "provided_before_visibility": {
            "word_volu": 16.672347193819586,
            "posi_prom": 10.235988050128862,
            "word_posi": 14.076529058891765,
            "rele": 95.0,
            "infl": 91.0,
            "div": 86.0,
            "uniq": 90.0,
            "clic": 88.0,
            "subj_posi": 93.0,
            "subj_volu": 89.0,
            "aver_subj": 90.28571428571429,
            "final_score": 52.18112167230303
          },
          "before_smoke_check": {
            "official_word_volu": 16.672347193819586,
            "simulator_word_volu": 16.672347193819586,
            "word_volu_gap": 0.0,
            "official_posi_prom": 10.235988050128862,
            "simulator_posi_prom": 10.235988050128862,
            "posi_prom_gap": 0.0,
            "official_word_posi": 14.076529058891765,
            "simulator_word_posi": 14.076529058891765,
            "word_posi_gap": 0.0,
            "official_ai": 90.28571428571429,
            "simulator_ai": 88.85714285714286,
            "ai_gap": -1.4285714285714306,
            "official_total": 52.18112167230303,
            "simulator_total": 51.46683595801731,
            "total_gap": -0.7142857142857153
          }
        },
        {
          "item_id": "simulator_item_ds102",
          "before_total": 0.7857142857142857,
          "after_total": 59.188676513932634,
          "delta": 58.40296222821835,
          "objective_delta": 25.234495885008133,
          "ai_delta": 91.57142857142857,
          "provided_before_visibility": {
            "word_volu": 0.0,
            "posi_prom": 0.0,
            "word_posi": 0.0,
            "rele": 12.0,
            "infl": 8.0,
            "div": 6.0,
            "uniq": 5.0,
            "clic": 3.0,
            "subj_posi": 0.0,
            "subj_volu": 0.0,
            "aver_subj": 4.857142857142857,
            "final_score": 2.4285714285714284
          },
          "before_smoke_check": {
            "official_word_volu": 0.0,
            "simulator_word_volu": 0.0,
            "word_volu_gap": 0.0,
            "official_posi_prom": 0.0,
            "simulator_posi_prom": 0.0,
            "posi_prom_gap": 0.0,
            "official_word_posi": 0.0,
            "simulator_word_posi": 0.0,
            "word_posi_gap": 0.0,
            "official_ai": 4.857142857142857,
            "simulator_ai": 1.5714285714285714,
            "ai_gap": -3.2857142857142856,
            "official_total": 2.4285714285714284,