{
  "datasets": [
    103
  ],
  "variants": [
    {
      "variant": "after_rebuttal_extended",
      "file": "after_rebuttal_extended.md",
      "count": 1,
      "avg_before_total": 42.616163413166035,
      "avg_after_total": 54.95541446060805,
      "avg_delta": 12.339251047442012,
      "avg_objective_delta": 10.821359237741156,
      "avg_ai_delta": 13.857142857142861,
      "win_rate": 100.0,
      "item_results": [
        {
          "item_id": "simulator_item_ds103",
          "before_total": 42.616163413166035,
          "after_total": 54.95541446060805,
          "delta": 12.339251047442012,
          "objective_delta": 10.821359237741156,
          "ai_delta": 13.857142857142861,
          "before_objective": {
            "weighted_visibility": 5.232326826332073,
            "coverage_ratio": 8.172043010752688,
            "position_prominence": 6.933519847740175,
            "target_chars": 101.33333333333333,
            "total_chars": 1240.0,
            "target_weighted_chars": 64.8808526465177,
            "total_weighted_chars": 780.6217592858854,
            "target_position_weight": 0.8812750815142035,
            "total_position_weight": 12.710356368294455,
            "target_sentence_hits": 4,
            "total_sentences": 26,
            "word_volu": 8.172043010752688,
            "posi_prom": 6.933519847740175,
            "word_posi": 5.232326826332073
          },
          "after_objective": {
            "weighted_visibility": 16.05368606407323,
            "coverage_ratio": 27.744733581164805,
            "position_prominence": 24.019576658827667,
            "target_chars": 373.16666666666663,
            "total_chars": 1345.0,
            "target_weighted_chars": 215.9220775617849,
            "total_weighted_chars": 830.3026370401099,
            "target_position_weight": 3.3813174515861277,
            "total_position_weight": 14.077339911581776,
            "target_sentence_hits": 10,
            "total_sentences": 29,
            "word_volu": 27.744733581164805,
            "posi_prom": 24.019576658827667,
            "word_posi": 16.05368606407323
          },
          "before_judge": {
            "relevance": 88.0,
            "fluency": 92.0,
            "diversity": 76.0,
            "uniqueness": 72.0,
            "click_follow": 80.0,
            "prominence": 78.0,
            "content_volume": 74.0,
            "rationale": "目标文本与用户问题高度相关，聚焦AI冲击就业、贫富差距与UBI必要性的争论，且在答案中被多次引用并用于支撑核心论点。答案对文档1的转述较顺畅，主要吸收了“AI替代劳动、科技界支持、财政与工作激励争议”等信息，但没有展开其较独特的“AI机器人税”主张，因此独特性和内容体量不是最高。整体看，文档1在答案中具有较明显存在感，但并非最主导的来源。",
            "rele": 88.0,
            "infl": 92.0,
            "div": 76.0,
            "uniq": 72.0,
            "clic": 80.0,
            "subj_posi": 78.0,
            "subj_volu": 74.0,
            "aver_subj": 80.0
          },
          "after_judge": {
            "relevance": 97.0,
            "fluency": 93.0,
            "diversity": 95.0,
            "uniqueness": 96.0,
            "click_follow": 90.0,
            "prominence": 94.0,
            "content_volume": 92.0,
            "rationale": "目标文本1与用户问题高度相关，核心就在讨论UBI是否应被视为未来社会的必需制度，且答案多次直接引用其关键判断框架。答案中关于“不是必需但应严肃评估”“AI提升相关性但不证明唯一性”“财政、劳动激励、福利整合、保障就业”等表述，明显大量吸收了文档1的独特论证结构。文档1在答案开头即被引用，并贯穿中后段多个核心论点，内容占比和显著性都很高。",
            "rele": 97.0,
            "infl": 93.0,
            "div": 95.0,
            "uniq": 96.0,
            "clic": 90.0,
            "subj_posi": 94.0,
            "subj_volu": 92.0,
            "aver_subj": 93.85714285714286
          },
          "before_visibility": {
            "word_volu": 8.172043010752688,
            "posi_prom": 6.933519847740175,
            "word_posi": 5.232326826332073,
            "rele": 88.0,
            "infl": 92.0,
            "div": 76.0,
            "uniq": 72.0,
            "clic": 80.0,
            "subj_posi": 78.0,
            "subj_volu": 74.0,
            "aver_subj": 80.0,
            "final_score": 42.616163413166035
          },
          "after_visibility": {
            "word_volu": 27.744733581164805,
            "posi_prom": 24.019576658827667,
            "word_posi": 16.05368606407323,
            "rele": 97.0,
            "infl": 93.0,
            "div": 95.0,
            "uniq": 96.0,
            "clic": 90.0,
            "subj_posi": 94.0,
            "subj_volu": 92.0,
            "aver_subj": 93.85714285714286,
            "final_score": 54.95541446060805
          },
          "provided_before_visibility": {
            "word_volu": 8.172043010752688,
            "posi_prom": 6.933519847740175,
            "word_posi": 8.311432761734807,
            "rele": 88.0,
            "infl": 92.0,
            "div": 74.0,
            "uniq": 70.0,
            "clic": 78.0,
            "subj_posi": 84.0,
            "subj_volu": 80.0,
            "aver_subj": 80.85714285714286,
            "final_score": 44.584287809438834
          },
          "before_smoke_check": {
            "official_word_volu": 8.172043010752688,
            "simulator_word_volu": 8.172043010752688,
            "word_volu_gap": 0.0,
            "official_posi_prom": 6.933519847740175,
            "simulator_posi_prom": 6.933519847740175,
            "posi_prom_gap": 0.0,
            "official_word_posi": 8.311432761734807,
            "simulator_word_posi": 5.232326826332073,
            "word_posi_gap": -3.079105935402734,
            "official_ai": 80.85714285714286,
            "simulator_ai": 80.0,
            "ai_gap": -0.8571428571428612,
            "official_total": 44.584287809438834,
            "simulator_total": 42.616163413166035,
            "total_gap": -1.968124396272799
          }
        }
      ]
    }
  ]
}